-- phpMyAdmin SQL Dump
-- version 4.6.6deb4+deb9u2
-- https://www.phpmyadmin.net/
--
-- Servidor: localhost:3306
-- Tiempo de generación: 11-07-2022 a las 11:12:45
-- Versión del servidor: 10.1.48-MariaDB-0+deb9u2
-- Versión de PHP: 7.0.33-0+deb9u12

SET SQL_MODE = "NO_AUTO_VALUE_ON_ZERO";
SET time_zone = "+00:00";


/*!40101 SET @OLD_CHARACTER_SET_CLIENT=@@CHARACTER_SET_CLIENT */;
/*!40101 SET @OLD_CHARACTER_SET_RESULTS=@@CHARACTER_SET_RESULTS */;
/*!40101 SET @OLD_COLLATION_CONNECTION=@@COLLATION_CONNECTION */;
/*!40101 SET NAMES utf8mb4 */;

--
-- Base de datos: `subcep_db`
--

-- --------------------------------------------------------

--
-- Estructura de tabla para la tabla `area`
--

CREATE TABLE `area` (
  `idarea` int(11) NOT NULL,
  `iddireccion` int(11) NOT NULL,
  `area` text NOT NULL,
  `sigla` varchar(45) NOT NULL
) ENGINE=MyISAM DEFAULT CHARSET=utf8;

--
-- Volcado de datos para la tabla `area`
--

INSERT INTO `area` (`idarea`, `iddireccion`, `area`, `sigla`) VALUES
(1, 1, 'GERENCIA  DE CAPACITACIÓN', 'CENCAP'),
(2, 1, 'SECRETARIA GENERAL', 'SG'),
(3, 1, 'GERENCIA NACIONAL DE RECURSOS HUMANOS', 'GNRH'),
(4, 1, 'GERENCIA NACIONAL ADMINISTRATIVA FINANCIERA', 'GNAF'),
(5, 1, 'UNIDAD DE AUDITORÍA INTERNA', 'UAI'),
(6, 2, 'GERENCIA DE SERVICIOS LEGALES', 'GSL'),
(7, 2, 'GERENCIA DE ASUNTOS ADMINISTRATIVOS Y JURIDICOS', 'GAAJ'),
(8, 3, 'GERENCIA DE INSPECCIÓN DEL NIVEL CENTRAL', 'GINC'),
(9, 4, 'GERENCIA DE AUDITORÍA AMBIENTAL', 'GAA'),
(10, 4, 'GERENCIA DE AUDITORÍA DE TECNOLOGÍAS DE INFORMACIÓN Y COMUNICACIÓN  ', 'GATIC'),
(11, 4, 'GERENCIA DE APOYO EN AUDITORÍAS DE PROYECTOS DE INVERSIÓN PÚBLICA', 'GAAPIP'),
(12, 5, 'GERENCIA DE AUDITORÍA DE EMPRESAS PÚBLICAS', 'GAEP'),
(13, 6, 'GERENCIA DE SUPERVISIÓN Y PLANIFICACIÓN', 'GSP'),
(14, 7, 'GERENCIA DE INSPECCIÓN DE GOBIERNOS MUNICIPALES Y UNIVERSIDADES', 'GIGMU'),
(15, 8, 'GERENCIA DE INSPECCIÓN DE GOBIERNOS DEPARTAMENTALES', 'GIGD'),
(16, 1, 'GERENCIA PRINCIPAL DE AUDITORÍA', 'GEPA'),
(17, 1, 'GERENCIA PRINCIPAL DE AUDITORÍA 2', 'GEPA2'),
(18, 1, 'GERENCIA DEPARTAMENTAL ORURO', 'GD-OR'),
(19, 1, 'GERENCIA DEPARTAMENTAL COCHABAMBA', 'GD-CB'),
(20, 1, 'GERENCIA DEPARTAMENTAL SANTA CRUZ', 'GD-SC'),
(21, 1, 'GERENCIA DEPARTAMENTAL CHUQUISACA', 'GD-CH'),
(22, 1, 'GERENCIA DEPARTAMENTAL TARIJA', 'GD-TJ'),
(23, 1, 'GERENCIA DEPARTAMENTAL POTOSI', 'GD-PT'),
(24, 1, 'GERENCIA DEPARTAMENTAL PANDO', 'GD-PN'),
(25, 1, 'GERENCIA DEPARTAMENTAL BENI', 'GD-BN'),
(26, 1, 'DESPACHO ', 'CGE'),
(27, 6, 'DESPACHO', 'SCG'),
(28, 2, 'DESPACHO', 'SCSL'),
(29, 4, 'DESPACHO', 'SCAT'),
(30, 5, 'DESPACHO', 'SCEP'),
(31, 7, 'DESPACHO', 'SCGMU'),
(32, 8, 'DESPACHO', 'SCGD'),
(33, 3, 'DESPACHO', 'SCNC');

-- --------------------------------------------------------

--
-- Estructura de tabla para la tabla `bitacora_estado`
--

CREATE TABLE `bitacora_estado` (
  `idbitacora_estado` int(11) NOT NULL,
  `idcorres` int(11) NOT NULL,
  `correlativo` int(11) NOT NULL,
  `idestado` int(11) NOT NULL,
  `resumen` text,
  `fecha` date DEFAULT NULL,
  `codigo_doc` varchar(45) DEFAULT NULL,
  `archivo_id` varchar(45) DEFAULT NULL,
  `hash` text,
  `idusuario` int(11) DEFAULT NULL
) ENGINE=InnoDB DEFAULT CHARSET=utf8;

--
-- Volcado de datos para la tabla `bitacora_estado`
--

INSERT INTO `bitacora_estado` (`idbitacora_estado`, `idcorres`, `correlativo`, `idestado`, `resumen`, `fecha`, `codigo_doc`, `archivo_id`, `hash`, `idusuario`) VALUES
(1, 21, 1, 5, 'se esta clasificando la informacion del disco.', '2022-06-10', 'SCEP-EXT-646/2022-DOC-2', '', '', 1),
(3, 11, 1, 5, 'Se solicitará mayor información', '2022-06-08', '', '', '', 11),
(4, 21, 2, 44, 'La informacion se esta clasificando para la subida al sistema SUBCEP y al directorio compartido SCEP.', '2022-06-13', '', '', '', 1),
(5, 21, 3, 46, 'Se estan Optimizando los Archivos digitales en tamaño.', '2022-06-13', '', '', '', 1),
(6, 102, 1, 30, 'Respuesta con Oficio CGE/SCEP-477/2022', '2022-06-23', '', '', '', 4),
(7, 69, 1, 33, 'SE ELABORO NOTA DE RESPUESTA PARA LA EMPRESA, EN ESPERA DE LA APROBACION DEL SUBCONTRALOR.', '2022-06-27', '', '', '', 10),
(8, 55, 1, 63, 'SE ELABORO NOTA DE RESPUESTA PARA LA EMPRESA.', '2022-06-27', '', '', '', 10),
(9, 21, 4, 48, 'Se elaboro el informe CGE-SCEP-069/2022', '2022-06-30', '', '', '', 1),
(10, 115, 1, 33, '', '2022-07-04', '', '', '', 4),
(11, 172, 1, 0, '', '2022-07-08', '', '', '', 9),
(12, 104, 1, 0, 'Se tomó conocimiento de la información remitida por EMAPAS.', '2022-07-08', '', '', '', 10);

-- --------------------------------------------------------

--
-- Estructura de tabla para la tabla `caracter`
--

CREATE TABLE `caracter` (
  `idcaracter` int(11) NOT NULL,
  `caracter` text NOT NULL
) ENGINE=InnoDB DEFAULT CHARSET=utf8;

--
-- Volcado de datos para la tabla `caracter`
--

INSERT INTO `caracter` (`idcaracter`, `caracter`) VALUES
(1, 'Empresa Departamental'),
(2, 'Empresa Municipal'),
(3, 'Empresa Nacional'),
(4, 'Empresa P?blica'),
(5, 'Empresa P?blica de Servicios Social'),
(6, 'Empresa P?blica Nacional Estrat?gica'),
(7, 'Empresa P?blica Nacional Social'),
(8, 'Empresa P?blica Productiva'),
(9, 'Empresa Regional'),
(10, 'Instituci?n P?blica Descentralizada'),
(11, '   ');

-- --------------------------------------------------------

--
-- Estructura de tabla para la tabla `cargo`
--

CREATE TABLE `cargo` (
  `idcargo` int(11) NOT NULL,
  `idarea` int(11) NOT NULL,
  `cargo` text NOT NULL
) ENGINE=MyISAM DEFAULT CHARSET=utf8;

--
-- Volcado de datos para la tabla `cargo`
--

INSERT INTO `cargo` (`idcargo`, `idarea`, `cargo`) VALUES
(1, 1, 'GERENTE DE CAPACITACION'),
(2, 1, 'OFICIAL DE ATENCION AL USUARIO'),
(3, 1, 'OFICIAL DE PROMOCION'),
(4, 1, 'RESPONSABLE DE CAPACITACION Y ESPECIALIZACION'),
(5, 1, 'ENCARGADO DE CAPACITACIÓN Y ESPECIALIZACIÓN'),
(6, 1, 'AUXILIAR DE CAPACITACIÓN Y ESPECIALIZACIÓN'),
(7, 1, 'RESPONSABLE DE CAPACITACION VIRTUAL '),
(8, 1, 'ENCARGADO DE DESARROLLO DE SOFTWARE EDUCATIVO'),
(9, 1, 'ENCARGADO DE MULTIMEDIA'),
(10, 1, 'RESPONSABLE DE CONTROL SOCIAL'),
(11, 1, 'ENCARGADO DE CONTROL SOCIAL'),
(12, 1, 'AUXILIAR DE CONTROL SOCIAL'),
(13, 1, 'CENCAP (RA)'),
(14, 1, 'AUXILIAR'),
(15, 26, 'CONTRALOR GENERAL DEL ESTADO'),
(18, 27, 'SUBCONTRALOR GENERAL'),
(19, 28, 'SUBCONTRALOR DE SERVICIOS LEGALES'),
(20, 29, 'SUBCONTRALOR DE AUDITORIAS TÉCNICAS'),
(21, 1, 'ASISTENTE DE GERENCIA'),
(22, 4, 'GERENTE NACIONAL ADMINISTRATIVO FINANCIERO'),
(23, 1, 'OFICIAL DE CAPACITACION - 1'),
(24, 1, 'OFICIAL DE CAPACITACION - 2'),
(25, 1, 'OFICIAL DE CAPACITACION - 3'),
(26, 1, 'OFICIAL DE CAPACITACION - 4'),
(27, 1, 'OFICIAL DE CAPACITACION - 5'),
(28, 1, 'OFICIAL DE CAPACITACION - 6'),
(29, 1, 'AUXILIAR DE CAPACITACION'),
(30, 4, 'SUBGERENTE DE FINANZAS'),
(31, 2, 'SECRETARIA GENERAL'),
(32, 4, 'RESPONSABLE DEL PROCESO DE CONTRATACIÓN DE APOYO  NACIONAL A LA PRODUCCIÓN Y EMPLEO – \r\nRPA'),
(33, 1, 'ENCARGADO DE GESTION INSTITUCIONAL'),
(34, 1, 'OFICIAL DEL CENCAP - RRHH'),
(35, 1, 'GNAF (RA)'),
(36, 1, 'LEGAL (RA)'),
(37, 4, 'OFICIAL DE CAJA'),
(38, 1, 'OFICIAL DE CAPACITACION - 7'),
(39, 1, 'OFICIAL DE CAPACITACION - 8'),
(40, 4, 'OFICIAL ADMINISTRATIVO'),
(41, 12, 'SUBCONTRALOR DE EMPRESAS PÚBLICAS'),
(42, 12, 'GERENTE DE AUDITORÍA DE EMPRESAS PÚBLICAS'),
(43, 12, 'SUPERVISOR B'),
(44, 12, 'SUPERVISOR B'),
(45, 12, 'SUPERVISOR B'),
(46, 12, 'SUPERVISOR B'),
(47, 12, 'SUPERVISOR B'),
(48, 12, 'SUPERVISOR C'),
(49, 12, 'SUPERVISOR C'),
(50, 12, 'SUPERVISOR C'),
(51, 12, 'SUPERVISOR C'),
(52, 12, 'ASISTENTE ADMINISTRATIVO'),
(53, 12, 'AUXILIAR'),
(54, 12, 'GERENTE PRINCIPAL DE AUDITORÍA'),
(55, 12, 'SUBCONTRALOR DE EMPRESAS PÚBLICAS a.i.');

-- --------------------------------------------------------

--
-- Estructura de tabla para la tabla `categoria_archivo`
--

CREATE TABLE `categoria_archivo` (
  `idcategoria_archivo` int(11) NOT NULL,
  `categoria_archivo` varchar(45) NOT NULL
) ENGINE=InnoDB DEFAULT CHARSET=utf8;

--
-- Volcado de datos para la tabla `categoria_archivo`
--

INSERT INTO `categoria_archivo` (`idcategoria_archivo`, `categoria_archivo`) VALUES
(1, 'ADMINISTRATIVO'),
(2, 'EMPRESA PÚBLICA');

-- --------------------------------------------------------

--
-- Estructura de tabla para la tabla `condicion`
--

CREATE TABLE `condicion` (
  `idcondicion` int(11) NOT NULL,
  `condicion` varchar(45) NOT NULL
) ENGINE=InnoDB DEFAULT CHARSET=utf8;

--
-- Volcado de datos para la tabla `condicion`
--

INSERT INTO `condicion` (`idcondicion`, `condicion`) VALUES
(1, 'ACTIVO'),
(2, 'PASIVO');

-- --------------------------------------------------------

--
-- Estructura de tabla para la tabla `control`
--

CREATE TABLE `control` (
  `idcontrol` int(11) NOT NULL,
  `control` varchar(45) NOT NULL
) ENGINE=InnoDB DEFAULT CHARSET=utf8;

--
-- Volcado de datos para la tabla `control`
--

INSERT INTO `control` (`idcontrol`, `control`) VALUES
(1, 'CONTROL INTERNO'),
(2, 'CONTROL EXTERNO POSTERIOR'),
(3, 'OTROS');

-- --------------------------------------------------------

--
-- Estructura de tabla para la tabla `corres`
--

CREATE TABLE `corres` (
  `idcorres` int(11) NOT NULL,
  `gestion` varchar(45) NOT NULL,
  `correlativo` int(11) NOT NULL,
  `origen` varchar(45) NOT NULL,
  `idusuario` int(11) NOT NULL,
  `referencia` text NOT NULL,
  `procedencia` text NOT NULL,
  `no_control` varchar(45) NOT NULL,
  `fecha_corres` date NOT NULL,
  `anexo` varchar(45) NOT NULL,
  `idestado` int(11) NOT NULL,
  `codigo` varchar(45) NOT NULL,
  `idtipo_hojaruta` int(11) NOT NULL,
  `iddocumento_adj` int(11) DEFAULT NULL,
  `fecha_recib` date DEFAULT NULL,
  `hora_recib` varchar(35) DEFAULT NULL,
  `idubicacion_archivo` int(11) DEFAULT NULL,
  `fecha_archivo` date DEFAULT NULL,
  `usr_archivo` int(11) DEFAULT NULL
) ENGINE=MyISAM DEFAULT CHARSET=utf8;

--
-- Volcado de datos para la tabla `corres`
--

INSERT INTO `corres` (`idcorres`, `gestion`, `correlativo`, `origen`, `idusuario`, `referencia`, `procedencia`, `no_control`, `fecha_corres`, `anexo`, `idestado`, `codigo`, `idtipo_hojaruta`, `iddocumento_adj`, `fecha_recib`, `hora_recib`, `idubicacion_archivo`, `fecha_archivo`, `usr_archivo`) VALUES
(1, '2021', 633, 'EXTERNA', 15, 'REFERENCIA PARA HOJAS DE RUTA EXTERNAS ', 'PROCEDENCIA DE HOJA DE RUTA EXTERNA', '10000001', '2022-05-25', 'FJS.', 1, 'SCEP-EXT-1/2022', 10, 3, '1111-11-11', ' ', NULL, NULL, NULL),
(2, '2021', 252, 'INTERNA', 15, 'REFERENCIA PARA HOJAS DE RUTA INTERNAS', 'PROCEDENCIA DE LA HOJA DE RUTA INTERNA', '10000002', '2022-05-25', 'FJS.', 1, 'SCEP-INT-1/2022', 10, 3, '1111-11-11', ' ', NULL, NULL, NULL),
(3, '2022', 253, 'INTERNA', 15, 'REMITE INFORMACIÓN DE PROCESOS DE CONTRATACIÓN DIRECTA', 'YACIMIENTOS PETROLÍFEROS FISCALES BOLIVIANOS', '3827', '2021-06-28', '19 / 5CDs', 2, 'SCEP-INT-253/2022', 15, 3, '1111-11-11', ' ', NULL, NULL, NULL),
(4, '2022', 254, 'INTERNA', 15, 'COMPLEMENTACIÓN A NOTA YPFB-GCC/DROC INFORMACIÓN DE PROCESOS DE CONTRATACIÓN DIRECTA', 'YACIMIENTOS PETROLÍFEROS FISCALES BOLIVIANOS', '942', '2021-03-02', '5/1 CD', 2, 'SCEP-INT-254/2022', 15, 3, '1111-11-11', ' ', NULL, NULL, NULL),
(5, '2022', 255, 'INTERNA', 15, 'REMITE INFORMACIÓN DE PROCESOS DE CONTRATACIÓN DIRECTA', 'YACIMIENTOS PETROLÍFEROS FISCALES BOLIVIANOS', '845', '2021-02-25', '12 /2CDs', 2, 'SCEP-INT-255/2022', 15, 3, '1111-11-11', ' ', NULL, NULL, NULL),
(6, '2022', 256, 'INTERNA', 15, 'REMITE INFORMACIÓN DE PROCESOS DE CONTRATACIÓN DIRECTA', 'YACIMIENTOS PETROLÍFEROS FISCALES BOLIVIANOS', '3153', '2021-05-27', '19 / 4 CDs', 2, 'SCEP-INT-256/2022', 15, 3, '1111-11-11', ' ', NULL, NULL, NULL),
(7, '2022', 257, 'INTERNA', 15, 'REMITE INFORMACIÓN DE PROCESOS DE CONTRATACIÓN DIRECTA', 'YACIMIENTOS PETROLÍFEROS FISCALES BOLIVIANOS', '3800', '2020-12-28', '40/3CD', 2, 'SCEP-INT-257/2022', 15, 3, '1111-11-11', ' ', NULL, NULL, NULL),
(8, '2022', 258, 'INTERNA', 15, 'COMPLEMENTACIÓN A NOTA SOBRE INFORMACIÓN DE PROCESOS DE CONTRATACIÓN DIRECTA', 'YACIMIENTOS PETROLÍFEROS FISCALES BOLIVIANOS', '3806', '2020-12-28', '11/1CD', 2, 'SCEP-INT-258/2022', 15, 3, '1111-11-11', ' ', NULL, NULL, NULL),
(9, '2022', 634, 'EXTERNA', 2, 'REMITE INFORME DAB/UAI/N° 007/2021 PRIMERA EVALUACIÓN A LA IMPLANTACIÓN DE RECOMENDACIONES DEL INFORME DAB/UAI/N° 003/2020 DEL EXAMEN DE CONFIABILIDAD, GESTIÓN 2019', 'DEPÓSITOS ADUANEROS BOLIVIANOS-DAB', '8570', '2022-05-25', '132 FOJAS Y 1 ANILLADO', 2, 'SCEP-EXT-634/2022', 1, 3, '1111-11-11', ' ', NULL, NULL, NULL),
(10, '2022', 635, 'EXTERNA', 2, 'SOLICITA FOTOCOPIA LEGALIZADA DEL INFORME CGE/SCEP/INF-003/2021 EMAVIAS C/ EDWIN ADALID TICONA', 'MINISTERIO PUBLICO-FISCALÍA DEPARTAMENTAL DE LA PAZ', '12958', '2022-05-25', '1 FOJA', 2, 'SCEP-EXT-635/2022', 18, 3, '1111-11-11', ' ', NULL, NULL, NULL),
(11, '2022', 636, 'EXTERNA', 2, 'INFORMA OPERACIONES EN LA GESTIÓN 2021 CTA. CORRIENTE EMPRESA DE DISTRIBUCIÓN DE ENERGÍA ELÉCTRICA LLALLAGUA', 'BANCO UNIÓN', '9363', '2022-05-25', 'FJS. 2', 2, 'SCEP-EXT-636/2022', 18, 3, '1111-11-11', ' ', NULL, NULL, NULL),
(12, '2022', 637, 'EXTERNA', 2, 'REMITE FORMULARIO 3008 SOBRE PROCESOS DE CONTRATACIÓN DIRECTA', 'DEPÓSITOS ADUANEROS BOLIVIANOS-DAB', '13011', '2022-05-25', 'FJS. 13 +1CD', 1, 'SCEP-EXT-637/2022', 15, 3, '1111-11-11', ' ', NULL, NULL, NULL),
(13, '2022', 638, 'EXTERNA', 2, 'REMITE INFORME UAI-N S-003/2022, SEGUNDO SEGUIMIENTO A LAS RECOMENDACIONES EMITIDAS POR LA SCEP, EMERGENTE DE LA CONFIABILIDAD GESTIÓN 2018', 'EDITORIAL DEL ESTADO PLURINACIONAL DE BOLIVIA EEEPB', '13035', '2022-05-25', 'FJS. 17', 2, 'SCEP-EXT-638/2022', 1, 3, '1111-11-11', ' ', NULL, NULL, NULL),
(14, '2022', 639, 'EXTERNA', 2, 'REMITE FORMATO 1 Y 2 DEL INFORME DE CONTROL INTERNO  ', 'EMPRESA AZUCARERA SAN BUENAVENTURA - EASBA', '13154', '2022-05-26', 'FJS. 14', 3, 'SCEP-EXT-639/2022', 23, 3, '1111-11-11', ' ', NULL, NULL, NULL),
(15, '2022', 640, 'EXTERNA', 2, 'REMITE INFORME TÉCNICO 227-OP-IT-2022 ANÁLISIS DE FUNCIONAMIENTO DE HORNOS ROTATORIOS Y ÁREAS FUNDENTES', 'EMPRESA METALÚRGICA VINTO NACIONALIZADA ', '13165', '2022-05-27', 'FJS. 8 / 1CD', 2, 'SCEP-EXT-640/2022', 16, 3, '1111-11-11', ' ', NULL, NULL, NULL),
(16, '2022', 641, 'EXTERNA', 2, 'EN RESPUESTA A NOTA No. CGE/SCEP-307/2022, REMITE RESPUESTA EN FORMATO DIGITAL.', 'EMPRESA SIDERÚRGICA DEL MUTÚN', '13169', '2022-05-27', 'FJS. 8 / 1CD', 2, 'SCEP-EXT-641/2022', 2, 3, '1111-11-11', ' ', NULL, NULL, NULL),
(17, '2022', 642, 'EXTERNA', 2, 'REMITE INFORME INF.UAD.INT.BAREA 2020-S1 PRIMER SEGUIMIENTO AL INFORME DE SISTEMA DE CONTRL Y PROCEDIMIENTO AL INFORME DE SISTEMA DE CONTROL Y PROCEDIMIENTOS ADMINISTRATIVOS CONTABLES VIGENTES AL 31/12/2019', 'SERVICIOS ELÉCTRICOS TARIJA - SETAR', '13221', '2022-05-27', 'FJS. 1 / 1 ANILL', 2, 'SCEP-EXT-642/2022', 22, 3, '1111-11-11', ' ', NULL, NULL, NULL),
(18, '2022', 643, 'EXTERNA', 2, 'REMITE FORMATOS 1 Y 2 DEL INFORME INF/GG/AI/2022-0004', 'EMPRESA ESTRATÉGICA BOLIVIANA DE CONSTRUCCIÓN Y CONSERVACIÓN DE INFRAESTRUCTURA CIVIL-EBC', '13260', '2022-05-30', 'FJS. 4', 2, 'SCEP-EXT-643/2022', 23, 3, '1111-11-11', ' ', NULL, NULL, NULL),
(19, '2022', 644, 'EXTERNA', 2, 'REMITE FORMATOS 1 Y 2 DEL INFORME P5/DP20/S20W2', 'EMPRESA ESTRATÉGICA BOLIVIANA DE CONSTRUCCIÓN Y CONSERVACIÓN DE INFRAESTRUCTURA CIVIL - EBC', '13261', '2022-05-30', 'FJS. 4', 2, 'SCEP-EXT-644/2022', 23, 3, '1111-11-11', ' ', NULL, NULL, NULL),
(20, '2022', 645, 'EXTERNA', 2, 'REMITE FORMULARIO 3008 SOBRE PROCESOS DE CONTRATACIÓN DIRECTA', 'MI TELEFÉRICO', '13311', '2022-05-30', 'FJS. 7/1CD', 1, 'SCEP-EXT-645/2022', 15, 3, '1111-11-11', ' ', NULL, NULL, NULL),
(21, '2022', 646, 'EXTERNA', 2, 'EN RESPUESTA A NOTA No. CGE/SGE/*SCEP-359/2022, REMITE INFORMACIÓN SOLICITADA', 'EMPRESA PÚBLICA DEPARTAMENTAL FABRICA DE CALAMINAS Y CLAVOS-POTOSÍ', '13322', '2022-05-30', 'FJS. 6/ 1CD', 2, 'SCEP-EXT-646/2022', 10, 3, '1111-11-11', ' ', NULL, NULL, NULL),
(22, '2022', 647, 'EXTERNA', 2, 'REMITE FORMATOS 1 Y 2 DEL INFORME DAIC-CI-02 SUOR-CB-01/2022', 'YACIMIENTOS PETROLÍFEROS FISCALES BOLIVIANOS - YPFB ', '13352', '2022-05-30', 'FJS. 5', 2, 'SCEP-EXT-647/2022', 23, 3, '1111-11-11', ' ', NULL, NULL, NULL),
(23, '2022', 648, 'EXTERNA', 2, 'REMITE INFORME UAI.INF.No 01/2022 PRIMER SEGUIMIENTO AL EXAMEN DE CONFIABILIDAD, GESTIÓN 2020', 'CORPORACIÓN DE LAS FUERZAS ARMADAS PARA EL DESARROLLO NACIONAL - COFADENA', '13378', '2022-05-30', 'FJS. 1/ 1 ANILL', 2, 'SCEP-EXT-648/2022', 1, 3, '1111-11-11', ' ', NULL, NULL, NULL),
(24, '2022', 649, 'EXTERNA', 2, 'REMITE FORMULARIO 3008 SOBRE PROCESOS DE CONTRATACIÓN DIRECTA', 'EMPRESA BOLIVIANA DE ALIMENTOS Y DERIVADOS - EBA', '13289', '2022-05-27', 'FJS. 65 Y CD 1', 1, 'SCEP-EXT-649/2022', 15, 3, '1111-11-11', ' ', NULL, NULL, NULL),
(25, '2022', 650, 'EXTERNA', 2, 'REMITE FORMULARIO 3008 SOBRE PROCESOS DE CONTRATACIÓN DIRECTA', 'YACIMIENTOS PETROLÍFEROS FISCALES BOLIVIANOS - YPFB', '13140', '2022-05-27', 'FJS. 75 Y CD 1', 1, 'SCEP-EXT-650/2022', 15, 3, '1111-11-11', ' ', NULL, NULL, NULL),
(26, '2022', 651, 'EXTERNA', 2, 'REMITE FORMATOS 1 Y 2 DEL INFORME IPR-CI-001/2022', 'SEMAPA', '13254', '2022-05-27', 'ANILLADO 1', 1, 'SCEP-EXT-651/2022', 23, 3, '1111-11-11', ' ', NULL, NULL, NULL),
(27, '2022', 652, 'EXTERNA', 2, 'SOLICITA FOTOCOPIA LEGALIZADA LA RESOLUCIÓN No CGE/145/2019 DE FECHA 20 DE NOVIEMBRE DE 2019 E INFORME No CGE/INF-003/2021', 'MINISTERIO PÚBLICO-FISCALIA DEPARTAMENTAL DE LA PAZ', '13369', '2022-05-31', 'FJS. 1', 2, 'SCEP-EXT-652/2022', 18, 3, '1111-11-11', ' ', NULL, NULL, NULL),
(28, '2022', 653, 'EXTERNA', 2, 'REMITE INFORME TÉCNICO DAB/UAI No 005/2022, INFORME DE REPRESENTACIÓN NOTA CGE/SCEP-167/2022 E INFORME No P5/P014/D21, GESTIÓN 2022', 'DEPÓSITOS ADUANEROS BOLIVIANOS - DAB', '13427', '2022-05-31', 'FJS. 25', 2, 'SCEP-EXT-653/2022', 9, 3, '1111-11-11', ' ', NULL, NULL, NULL),
(29, '2022', 654, 'EXTERNA', 2, 'EN RESPUESTA A NOTA No CGE/SCEP-416/2022, REMITE LO SOLICITADO', 'EDITORIAL DEL ESTADO PLURINACIONAL DE BOLIVIA - EEEPB', '13467', '2022-05-31', 'FJS. 2; CD1', 2, 'SCEP-EXT-654/2022', 2, 3, '1111-11-11', ' ', NULL, NULL, NULL),
(30, '2022', 655, 'EXTERNA', 2, 'REMITE FORMULARIO 3008 SOBRE PROCESOS DE CONTRATACIÓN DIRECTA', 'EDITORIAL DEL ESTADO PLURINACIONAL DE BOLIVIA - EEEPB', '13469', '2022-05-31', 'FJS. 4; CD 1', 1, 'SCEP-EXT-655/2022', 15, 3, '1111-11-11', ' ', NULL, NULL, NULL),
(31, '2022', 656, 'EXTERNA', 2, 'REMITE DECLARACIÓN DE PROPÓSITO, AUTORIDAD Y RESPONSABILIDAD', 'EMPRESA ESTATAL DE TELEVISIÓN BOLIVIA TV', '13497', '2022-05-31', 'FJS. 6', 2, 'SCEP-EXT-656/2022', 19, 3, '1111-11-11', ' ', NULL, NULL, NULL),
(32, '2022', 657, 'EXTERNA', 2, 'REMITE LOS PAPELES DE TRABAJO DIGITALIZADO', 'EMPRESA BOLIVIANA DE ALIMENTOS Y DERIVADOS - EBA', '13628', '2022-06-01', 'FJS. 6', 2, 'SCEP-EXT-657/2022', 20, 3, '1111-11-11', ' ', NULL, NULL, NULL),
(33, '2022', 658, 'EXTERNA', 2, 'REMITO EN FORMATO DIGITAL ANEXO A IDENTIFICACIÓN DE CONTROLES Y PROBLEMAS Y OTROS', 'EMPRESA NACIONAL DE ELECTRICIDAD - ENDE - COCHABAMBA', '13667', '2022-06-02', 'FJS. 1; CD 1', 2, 'SCEP-EXT-658/2022', 20, 3, '1111-11-11', ' ', NULL, NULL, NULL),
(34, '2022', 659, 'EXTERNA', 2, 'OBSERVACIONES AL PLAN CORRECTIVO DE LA EMH, PARA SU CONOCIMIENTO', 'COORD. EN DEF. CUENCA DEL RIO DESAGUADERO, LOS LAGOS URU URU Y POOPO - CORIDUP', '13695', '2022-06-02', 'FJS. 3', 2, 'SCEP-EXT-659/2022', 16, 3, '1111-11-11', ' ', NULL, NULL, NULL),
(35, '2022', 660, 'EXTERNA', 2, 'REMITE INFORME DE AUDITORIA INTERNA IAI 06/22 DE CONFIABILIDAD DE REGISTROS', 'EMPRESA LOCAL DE AGUA POTABLE Y ALCANTARILLADO SUCRE - ELAPAS', '13711', '2022-06-02', 'FJS. 3; ENGRAMP. 1', 3, 'SCEP-EXT-660/2022', 1, 3, '1111-11-11', ' ', NULL, NULL, NULL),
(36, '2022', 661, 'EXTERNA', 2, 'REMITE FORMULARIO 3008 DECLARACIÓN DE PROCESOS DE CONTRATACIÓN DIRECTA', 'EMPRESA NAVIERA BOLIVIANA - ENABOL', '13747', '2022-06-02', 'FJS. 123; CD 1', 1, 'SCEP-EXT-661/2022', 15, 3, '1111-11-11', ' ', NULL, NULL, NULL),
(37, '2022', 662, 'EXTERNA', 2, 'REMITE INF. DE AUDITORIA EASBA-UAI-NF-N.010/2022 Y AESBA-UAI-NF-N.011/2022', 'EMPRESA AZUCARERA SAN BUENAVENTURA - EASBA', '13763', '2022-06-03', 'FJS. 27; CD 1', 2, 'SCEP-EXT-662/2022', 20, 3, '1111-11-11', ' ', NULL, NULL, NULL),
(38, '2022', 663, 'EXTERNA', 2, 'REMIRO EN FORMATO DIGITAL ANEXO A Y ANEXO B', 'EMPRESA NACIONAL DE ELECTRICIDAD - ENDE', '13781', '2022-06-03', 'FJS. 1; CD 1', 2, 'SCEP-EXT-663/2022', 23, 3, '1111-11-11', ' ', NULL, NULL, NULL),
(39, '2022', 664, 'EXTERNA', 2, 'REMITE DOCUMENTACIÓN A NOTA CGE/SCEP-143/2022', 'YACIMIENTOS PETROLÍFEROS FISCALES BOLIVIANOS-YPFB ', '13785', '2022-06-03', '30', 2, 'SCEP-EXT-664/2022', 16, 3, '1111-11-11', ' ', NULL, NULL, NULL),
(40, '2022', 665, 'EXTERNA', 2, 'SOLICITUD DE COPIA FOTOSTATICA SIMPLE DEL INFORME P5/QP47/N.20/51', 'ADMINISTRACIÓN DE SERVICIOS PORTUARIOS BOLIVIA - ASP-B', '13768', '2022-06-03', '2', 2, 'SCEP-EXT-665/2022', 18, 3, '1111-11-11', ' ', NULL, NULL, NULL),
(41, '2022', 666, 'EXTERNA', 2, 'REMITE INFORME EN NOTA ABE-AI V-04/2022 EN PAGO DE DEMASÍA DE VACACIONES', 'AGENCIA BOLIVIANA ESPACIAL - ABE', '13814', '2022-06-03', 'FJS.10; CD 1', 2, 'SCEP-EXT-666/2022', 19, 3, '1111-11-11', ' ', NULL, NULL, NULL),
(42, '2022', 667, 'EXTERNA', 2, 'AUDITORIA ESPECIAL AL PROYECTO DE INVERSIÓN DE ARCHIVO HISTÓRICO COMIBOL', 'EYNAR RAMIRO DELGADO APARACIO', '13549', '2022-06-06', 'FJS. 82', 2, 'SCEP-EXT-667/2022', 11, 3, '1111-11-11', ' ', NULL, NULL, NULL),
(43, '2022', 668, 'EXTERNA', 2, 'REMITE CDS LEGAJO PERMANENTE EN ATENCION A NOTA NRO. CGE/SCEP-090-016/2022', 'CORPORACIÓN MINERA DE BOLIVIA - COMIBOL', '13890', '2022-06-06', 'FJS. 2; CD. 2', 2, 'SCEP-EXT-668/2022', 10, 3, '1111-11-11', ' ', NULL, NULL, NULL),
(44, '2022', 669, 'EXTERNA', 2, 'REMITE INFORME DE AUD. EXT. DE LOS ESTADOS FIN. REALIZADO POR LA FIRMA ZABALA SRL.', 'ADMINISTRACIÓN DE SERVICIOS PORTUARIOS-BOLIVIA', '13901', '2022-06-06', 'FJS. 144; ANILL. 1', 2, 'SCEP-EXT-669/2022', 21, 3, '1111-11-11', ' ', NULL, NULL, NULL),
(45, '2022', 670, 'EXTERNA', 2, 'REM. INFORME PARA LA EVALUACIÓN DE LOS PROCESOS DE CONTRATACIÓN DIRECTA.', 'EMPRESA SIDERÚRGICA DEL MUTÚN', '13991', '2022-06-07', 'FJS. 23; CD. 1', 2, 'SCEP-EXT-670/2022', 15, 3, '1111-11-11', ' ', NULL, NULL, NULL),
(46, '2022', 671, 'EXTERNA', 2, 'RESPUESTA EN ATENCIÓN A NOTA NRO. CGE/SCEP-333/2022', 'SERVICIO DE IMPUESTOS NACIONALES GRACO LA PAZ', '14029', '2022-06-07', 'FJS. 4; ', 2, 'SCEP-EXT-671/2022', 19, 3, '1111-11-11', ' ', NULL, NULL, NULL),
(47, '2022', 672, 'EXTERNA', 2, 'REMITE INFORMACIÓN LEGAJO PERMANENTE EN ATENCIÓN A CGE/SCEP-405/2022', 'SERVICIOS ELÉCTRICOS TARIJA - SETAR', '14059', '2022-06-07', 'FJS. 2; CD. 1', 2, 'SCEP-EXT-672/2022', 10, 3, '1111-11-11', ' ', NULL, NULL, NULL),
(48, '2022', 673, 'EXTERNA', 2, 'REMITE POA 2022 REFORMULADO DE LA UAI', 'EMPRESA ESTATAL YACANA', '14081', '2022-06-07', 'FJS. 1; ANILL. 1', 2, 'SCEP-EXT-673/2022', 9, 3, '1111-11-11', ' ', NULL, NULL, NULL),
(49, '2022', 259, 'INTERNA', 2, 'SOLICITA COPIA LEGALIZADA DEL INFORME NP5/GP12/D20 F1 - EMAPA C/L. JOSHUA SILES C. Y OTROS', 'MINISTERIO PUBLICO - FISCALIA DEPARTAMENTAL DE LA PAZ', '14074', '2022-06-08', 'FJS. 1', 2, 'SCEP-INT-259/2022', 18, 3, '1111-11-11', ' ', NULL, NULL, NULL),
(50, '2022', 674, 'EXTERNA', 2, 'SOLICITA COPIA LEGALIZADA DEL INFORME NP5/GP12/D20 F1 - EMAPA C/L. JOSHUA SILES C. Y OTROS', 'MINISTERIO PUBLICO - FISCALIA DEPARTAMENTAL DE LA PAZ', '14074', '2022-06-08', 'FJS. 1', 2, 'SCEP-EXT-674/2022', 18, 3, '1111-11-11', ' ', NULL, NULL, NULL),
(51, '2022', 675, 'EXTERNA', 2, 'REMITE DOCUMENTACIÓN EN ATENCIÓN A NOTA NRO. CGE/SCEP-1180/2021', 'EMPRESA PÚBLICA TRANSPORTE AÉREO MILITAR - TAM', '14128', '2022-06-08', 'FJS. 213', 1, 'SCEP-EXT-675/2022', 19, 3, '1111-11-11', ' ', NULL, NULL, NULL),
(52, '2022', 676, 'EXTERNA', 2, 'REMTE INFORMES TÉCNICOS DE EVALUACIÓN DE PROCESOS DE CONTRATACIÓN', 'DEPÓSITOS ADUANEROS BOLIVIANOS – DAB', '14123', '2022-06-08', 'FJS. 103; ANILL. 10, CD. 1', 2, 'SCEP-EXT-676/2022', 15, 3, '1111-11-11', ' ', NULL, NULL, NULL),
(53, '2022', 677, 'EXTERNA', 2, 'REITERACIÓN A NOTA GG-246/2022 Y SOLICITA AUDIENCIA', 'CORPORACIÓN DE LAS FUERZAS ARMADAS PARA EL DESARROLLO NACIONAL - COFADENA', '13268', '2022-06-09', 'FJS. 7', 2, 'SCEP-EXT-677/2022', 23, 3, '1111-11-11', ' ', NULL, NULL, NULL),
(54, '2022', 678, 'EXTERNA', 2, 'SOLICITUD COPIA LEGALIZADA EN NOTAS CGE/SCEP-0275/2020 Y OTROS', 'MINISTERIO DE MINERIA Y METALURGIA', '14296', '2022-06-09', 'FJS. 12', 2, 'SCEP-EXT-678/2022', 18, 3, '1111-11-11', ' ', NULL, NULL, NULL),
(55, '2022', 679, 'EXTERNA', 2, 'REMITE FORMATO DE SEGUIMIENTO EN ATENCIÓN A NOTA NRO CGE/SCEP-435/2022', 'EMPRESA BOLIVIANA DE ALIMENTOS Y DERIVADOS - EBA', '14232', '2022-06-09', 'FJS. 35', 2, 'SCEP-EXT-679/2022', 22, 3, '1111-11-11', ' ', NULL, NULL, NULL),
(56, '2022', 680, 'EXTERNA', 2, 'REMITE INFORMACIÓN EN ATENCIÓN A NOTA NRO. CGE/SCEP-404/2022', 'EMPRESA NACIONAL DE ELECTRICIDAD - ENDE- COCHABAMBA', '14255', '2022-06-09', 'FJS. 1; CD. 1', 2, 'SCEP-EXT-680/2022', 10, 3, '1111-11-11', ' ', NULL, NULL, NULL),
(57, '2022', 681, 'EXTERNA', 2, 'REITERACIÓN A SOLICITUD EN NOTA BTV/UAI/N. 139/2022', 'EMPRESA ESTATAL DE TELEVISIÓN \"BOLIVIA TV\" ', '14258', '2022-06-09', 'FJS. 1', 2, 'SCEP-EXT-681/2022', 18, 3, '1111-11-11', ' ', NULL, NULL, NULL),
(58, '2022', 682, 'EXTERNA', 2, 'REMITE INFORME INF/SENATEX/UAI/N.0010/2022 COSTO - BENEFICIO', 'SERVICIO NACIONAL TEXTIL - SENATEX', '14310', '2022-06-10', 'FJS. 6', 2, 'SCEP-EXT-682/2022', 5, 3, '1111-11-11', ' ', NULL, NULL, NULL),
(59, '2022', 683, 'EXTERNA', 2, 'REMITE INFORMACIÓN EN ATENCIÓN A NOTA NRO. CGE/SCEP-428/2022', 'SISTEMAS INTEGRALES DE AUD.-RCV CONSULT SRL.', '14413', '2022-06-10', 'FJS. 1; CD. 3', 2, 'SCEP-EXT-683/2022', 10, 3, '1111-11-11', ' ', NULL, NULL, NULL),
(60, '2022', 684, 'EXTERNA', 2, 'REMITE INFORMACIÓN EN ATENCIÓN A NOTA NRO. CGE/SCEP-427/2022', 'YACIMIENTOS DE LITIO BOLIVIANOS - YLB ', '14450', '2022-06-10', 'FJS. 3; CD. 1 ', 2, 'SCEP-EXT-684/2022', 21, 3, '1111-11-11', ' ', NULL, NULL, NULL),
(61, '2022', 685, 'EXTERNA', 2, 'REMISIÓN DE INFORME DE AUDITORIA N I.A.I 06/22 EN MEDIO MAGNÉTICO', 'EMPRESA LOCAL DE AGUA POTABLE Y ALCANTARILLADO SUCRE - ELAPAS', '14470', '2022-06-13', 'FJS. 1; CD. 1', 3, 'SCEP-EXT-685/2022', 20, 3, '1111-11-11', ' ', NULL, NULL, NULL),
(62, '2022', 686, 'EXTERNA', 2, 'REMITE INFORME DE AUDITORIA N° EASBA/UAI/NF N° 012/2022', 'EMPRESA AZUCARERA SAN BUENAVENTURA - EASBA', '14481', '2022-06-13', 'FJS. 49', 2, 'SCEP-EXT-686/2022', 20, 3, '1111-11-11', ' ', NULL, NULL, NULL),
(63, '2022', 687, 'EXTERNA', 2, 'REMITE FORM. F-3008 PROCESOS DE CONTRATACIÓN DIRECTA', 'EMPRESA ESTRATÉGICA BOLIVIANA DE CONSTRUCCIÓN Y CONSERVACIÓN DE INFRAESTRUCTURA CIVIL - EBC', '14485', '2022-06-13', 'FJS. 55; CD. 1', 1, 'SCEP-EXT-687/2022', 15, 3, '1111-11-11', ' ', NULL, NULL, NULL),
(64, '2022', 688, 'EXTERNA', 2, 'REMITE INFORME N° COM/AUD-002/2021 EN ATENCIÓN A NOTA CGE/SCEP-328/2022', 'YACIMIENTOS PETROLÍFEROS FISCALES BOLIVIANOS - YPFB', '14496', '2022-06-13', 'FJS. 28', 2, 'SCEP-EXT-688/2022', 2, 3, '1111-11-11', ' ', NULL, NULL, NULL),
(65, '2022', 689, 'EXTERNA', 2, 'REMITE I Y II INFORME DE AUDITORIA EXTERNA A LOS EE.FF. 2021 REALIZADO P/GUTIERREZ THOMPSON', 'EMPRESA PÚBLICA EDITORIAL DEL ESTADO PLURINACIONAL DE BOLIVIA', '14510', '2022-06-13', 'FJS. 10', 2, 'SCEP-EXT-689/2022', 21, 3, '1111-11-11', ' ', NULL, NULL, NULL),
(66, '2022', 690, 'EXTERNA', 2, 'REMITE FORMATOS 1 Y 2 DEL INFORME N° UAI.INF. N° UAI.INF.N° 01/2022', 'CORPORACIÓN DE LAS FUERZAS ARMADAS PARA EL DESARROLLO NACIONAL - COFADENA', '14538', '2022-06-13', 'FJS. 19', 2, 'SCEP-EXT-690/2022', 23, 3, '1111-11-11', ' ', NULL, NULL, NULL),
(67, '2022', 691, 'EXTERNA', 2, 'REMITE POA REFORMULACIÓN GESTIÓN 2022', 'EMPRESA MUNICIPAL DE ÁREAS VERDES, PARQUES Y FORESTACIÓN - EMAVERDE', '14589', '2022-06-14', 'FJS. 1; ANILLADO 1', 2, 'SCEP-EXT-691/2022', 9, 3, '1111-11-11', ' ', NULL, NULL, NULL),
(68, '2022', 692, 'EXTERNA', 2, 'REMITE INFORME EM/UAI/007/2022 PRIMER SEGUIMIENTO AL INFORME EM/UAI/005/2022', 'EMPRESA MISICUNI', '14620', '2022-06-14', 'FJS. 8', 2, 'SCEP-EXT-692/2022', 22, 3, '1111-11-11', ' ', NULL, NULL, NULL),
(69, '2022', 693, 'EXTERNA', 2, 'ATENCIÓN A NOTA CGE/SCEP-434/2022', 'ADMINISTRACIÓN DE SERVICIOS PORTUARIOS BOLIVIA ASP-B', '14662', '2022-06-15', 'FJS. 20', 2, 'SCEP-EXT-693/2022', 23, 3, '1111-11-11', ' ', NULL, NULL, NULL),
(70, '2022', 694, 'EXTERNA', 2, 'REMITE INFORME DE SEGUIMIENTO AL CONTROL INTERNO - AUD. DE CONFIABILIDAD Y EE. FF.', 'EMPRESA SIDERÚRGICA DEL MUTÚN', '14709', '2022-06-15', 'FJS. 11; CD. 1', 2, 'SCEP-EXT-694/2022', 22, 3, '1111-11-11', ' ', NULL, NULL, NULL),
(71, '2022', 695, 'EXTERNA', 2, 'REMITE EE.FF. INFORME DEL AUDITOR IND. REALIZADO POR LA FIRMA BEDOYA & ASOCIADOS', 'TRANSPORTES AÉREOS BOLIVIANOS - TAB', '14798', '2022-06-15', 'FJS. 1; ANILLADO 1', 2, 'SCEP-EXT-695/2022', 21, 3, '1111-11-11', ' ', NULL, NULL, NULL),
(72, '2022', 696, 'EXTERNA', 2, 'REMISIÓN DE PROCESOS DE CONTRATACIÓN DIRECTA', 'SERVICIO NACIONAL TEXTIL - SENATEX', '14761', '2022-06-15', 'FJS. 32; CD. 1', 1, 'SCEP-EXT-696/2022', 15, 3, '1111-11-11', ' ', NULL, NULL, NULL),
(73, '2022', 697, 'EXTERNA', 2, 'REMITE INFORME N° GP/GG/AI/INF/AUDOP/1/2022-AUDITORIA OPERACIONAL', 'GESTORA PÚBLICA DE LA SEGURIDAD SOCIAL DE LARGO PLAZO	', '14733', '2022-06-15', 'FJS. 1; ANILLADO 1', 2, 'SCEP-EXT-697/2022', 2, 3, '1111-11-11', ' ', NULL, NULL, NULL),
(74, '2022', 260, 'INTERNA', 2, 'DEVUELVE NOTAS ADMINISTRATIVA ENVIADAS PAR REGISTRO EN EL CONAUD', 'SCG-234/2022', '260', '2022-05-26', 'FJS. 39', 3, 'SCEP-INT-260/2022', 19, 3, '1111-11-11', ' ', NULL, NULL, NULL),
(75, '2022', 261, 'INTERNA', 2, 'SOLICITUD INFORMACIÓN Y/O DOCUMENTACIÓN', 'EMPRESA MUNICIPAL DE DISTRIBUCIÓN DE ENERGÍA ELÉCTRICA LLALLAGUA EMDELL (FAX)', '261', '2022-05-27', 'FJS. 1', 1, 'SCEP-INT-261/2022', 18, 3, '1111-11-11', ' ', NULL, NULL, NULL),
(76, '2022', 262, 'INTERNA', 2, 'REMITE INFORME N° CGE/SCEP/INF-060/2022', 'ING. LUIS GONZALO YAPUCHURA CHUQUIMIA', '262', '2022-06-27', 'FJS. 2', 1, 'SCEP-INT-262/2022', 19, 3, '1111-11-11', ' ', NULL, NULL, NULL),
(77, '2022', 263, 'INTERNA', 2, 'PRESENTACIÓN SISTEMA DE SEGUIMIENTO DE UNIDADES DE AUDITORÍA INTERNA', 'SCG/CI-120/2022', '263', '2022-05-27', 'FJS. 1', 2, 'SCEP-INT-263/2022', 19, 3, '1111-11-11', ' ', NULL, NULL, NULL),
(78, '2022', 264, 'INTERNA', 2, 'FORMULARIO DE NO ADEUDO DE DOCUMENTOS', 'MARITZA TÓRREZ VICTORIA', '264', '2022-06-30', 'FJS. 1', 2, 'SCEP-INT-264/2022', 19, 3, '1111-11-11', ' ', NULL, NULL, NULL),
(79, '2022', 265, 'INTERNA', 2, 'FORMULARIO DE NO ADEUDO DE DOCUMENTOS', 'LIC. EVA LAURA COLQUE HURTADO', '265', '2022-05-30', 'FJS. 2', 2, 'SCEP-INT-265/2022', 19, 3, '1111-11-11', ' ', NULL, NULL, NULL),
(80, '2022', 266, 'INTERNA', 2, 'REMITE NOTA DEL SINDICATO DE EMAVRA', 'EMPRESA DE ÁREAS VERDES Y RECREACIÓN ALTERNATIVA - EMAVRA (GDC/CI-0846/2022)', '13236', '2022-05-27', 'FJS. 2', 1, 'SCEP-INT-266/2022', 19, 3, '1111-11-11', ' ', NULL, NULL, NULL),
(81, '2022', 267, 'INTERNA', 2, 'ANEXO AL INFORME DEL CONTRALOR GENERAL DEL ESTADO - GESTIÓN 2021', 'DC-425/2022', '267', '2022-05-31', 'FJS. 2', 2, 'SCEP-INT-267/2022', 19, 3, '1111-11-11', ' ', NULL, NULL, NULL),
(82, '2022', 268, 'INTERNA', 2, 'INSTRUCTIVO II/SL-078 CAMBIO DE NOMBRE', 'SCSL/CG-DJBR/CI-193/2022', '268', '2022-05-31', 'FJS. 2; EJEMPLAR 1', 2, 'SCEP-INT-268/2022', 19, 3, '1111-11-11', ' ', NULL, NULL, NULL),
(83, '2022', 269, 'INTERNA', 2, 'INSTRUCTIVO II/SL-078 CAMBIO DE NOMBRE', 'SCSL/GR-DJBR/CI-228/2022', '269', '2022-05-31', 'FJS. 2; ENGRAPADO 5', 2, 'SCEP-INT-269/2022', 19, 3, '1111-11-11', ' ', NULL, NULL, NULL),
(84, '2022', 270, 'INTERNA', 2, 'Remite Nota N° EMDELL-ADM/133/20 emitido por la Contadora Lic. Marcela Pastor Galindo, donde menciona Resoluciónn Normativa de Directorio sobre prórroga hasta el 31 de mayo de 2022, el plazo para la presentación física y/o envío digital de EE.FF.,', 'EMPRESA MUNICIPAL DE DISTRIBUCIÓN DE EERGÍA ELÉCTRICA LLALLAGUA - EMDELL', '270', '2022-05-31', 'FJS. 3', 2, 'SCEP-INT-270/2022', 19, 3, '1111-11-11', ' ', NULL, NULL, NULL),
(85, '2022', 271, 'INTERNA', 2, 'CRONOGRAMA MENSUAL DE DESINFECCIÓN', 'GNRH', '271', '2022-06-01', 'FJS. 1', 1, 'SCEP-INT-271/2022', 19, 3, '1111-11-11', ' ', NULL, NULL, NULL),
(86, '2022', 272, 'INTERNA', 2, 'RESOLUCIÓN No. CGE/040/2022', 'GNRH', '272', '2022-06-03', 'FJS. 1', 1, 'SCEP-INT-272/2022', 19, 3, '1111-11-11', ' ', NULL, NULL, NULL),
(87, '2022', 273, 'INTERNA', 2, 'CUMPLIMIENTO A PROGRAMACIÓN-ROL DE VACACIONES JUNIO 2022', 'GNRH', '273', '2022-06-03', 'FJS. 2', 1, 'SCEP-INT-273/2022', 19, 3, '1111-11-11', ' ', NULL, NULL, NULL),
(88, '2022', 274, 'INTERNA', 2, 'ASIGNACIÓN DE ACTIVOS FIJOS', 'GNRH', '274', '2022-06-03', 'FJS. 3', 1, 'SCEP-INT-274/2022', 19, 3, '1111-11-11', ' ', NULL, NULL, NULL),
(89, '2022', 275, 'INTERNA', 2, 'REMITE COMUNICACIONES INTERNAS PARA SCEP', 'GERENCIA DEPARTAMENTAL DE COCHABAMBA', '13840', '2022-06-03', 'FJS. 3', 1, 'SCEP-INT-275/2022', 19, 3, '1111-11-11', ' ', NULL, NULL, NULL),
(90, '2022', 276, 'INTERNA', 2, 'REMITO EN ATENCIÓN NOTA ENDE-DJUR-5/23-22 CONTRATACIONES DIRECTAS', 'GERENCIA DEPARTAMENTAL DE COCHABAMBA', '13861', '2022-06-03', 'FJS. 44; CD. 1', 1, 'SCEP-INT-276/2022', 15, 3, '1111-11-11', ' ', NULL, NULL, NULL),
(91, '2022', 277, 'INTERNA', 2, 'EJECUCIÓN PRESUPUESTARIA AL 31 DE MAYO DE 2022', 'GNAF', '277', '2022-06-06', 'FJS. 5', 4, 'SCEP-INT-277/2022', 19, 3, '1111-11-11', ' ', 13, '2022-06-24', 2),
(92, '2022', 278, 'INTERNA', 2, 'SOLICITUD DE REVISIÓN INFORMACIÓN EDITADA QUE SE PUBLICARÁ EN INFORME ANUAL GESTIÓN 2021 CGE', 'SUBCONTRALORIA GENERAL', '278', '2022-06-07', 'FJS. 1; ENGRANPADO 1', 2, 'SCEP-INT-278/2022', 18, 3, '1111-11-11', ' ', NULL, NULL, NULL),
(93, '2022', 279, 'INTERNA', 2, 'REMITE POAIS 2022', 'GNRH', '279', '2022-06-08', 'FJS. 179', 1, 'SCEP-INT-279/2022', 19, 3, '1111-11-11', ' ', NULL, NULL, NULL),
(94, '2022', 280, 'INTERNA', 2, 'SOLICITUD DE ACCESO A RED DE INTERNET DE LIC. LUIS GONZALO YAPUCHURA', 'GNAF', '280', '2022-06-09', 'FJS. 1', 1, 'SCEP-INT-280/2022', 19, 3, '1111-11-11', ' ', NULL, NULL, NULL),
(95, '2022', 281, 'INTERNA', 2, 'VIDEOCONFERENCIA APLICACIÓN DEL GIRO MÓVIL Y UTILIZACIÓN DEL PUNTO UNIÓN', 'GNRH', '281', '2022-06-10', 'FJS. 1', 1, 'SCEP-INT-281/2022', 19, 3, '1111-11-11', ' ', NULL, NULL, NULL),
(96, '2022', 282, 'INTERNA', 2, 'REM. NOTA ENDE CITE ENDE-DEEM-6/6-22 EE.FF. EN ATENCION A CGE/SCEP-404/2022', 'GERENCIA DEPARTAMENTAL DE COCHABAMBA', '282', '2022-06-10', 'FJS. 3; ANILLADO 1', 2, 'SCEP-INT-282/2022', 10, 3, '1111-11-11', ' ', NULL, NULL, NULL),
(97, '2022', 283, 'INTERNA', 2, 'PRUEBA PILOTO SISTEMA DE SEGUIMIENTO DE UNIDADES DE AUDITORIA INTERNA', 'SUBCONTRALORIA GENERAL', '283', '2022-06-10', 'FJS. 1', 2, 'SCEP-INT-283/2022', 19, 3, '1111-11-11', ' ', NULL, NULL, NULL),
(98, '2022', 284, 'INTERNA', 2, 'REMISIÓN DE CORRESPONDENCIA RECIBIDA', 'GERENCIA DEPARTAMENTAL DE SANTA CRUZ', '14421', '2022-06-10', 'FJS. 5', 2, 'SCEP-INT-284/2022', 19, 3, '1111-11-11', ' ', NULL, NULL, NULL),
(99, '2022', 285, 'INTERNA', 2, 'REMITO PLANILLAS DE ASISTENCIA PARA PATRICIA GARCIA', 'GERENCIA DEPARTAMENTAL DE ORURO', '14439', '2022-06-10', '1 SOBRE', 2, 'SCEP-INT-285/2022', 19, 3, '1111-11-11', ' ', NULL, NULL, NULL),
(100, '2022', 286, 'INTERNA', 2, 'LISTADO DE AUDITORIAS A SER CERRADAS EN EL SISTEMA CONAUD', 'SUBCONTRALORIA GENERAL', '286', '2022-06-13', 'FJS. 1', 2, 'SCEP-INT-286/2022', 19, 3, '1111-11-11', ' ', NULL, NULL, NULL),
(101, '2022', 698, 'EXTERNA', 2, 'REITERA A SOL. MEDIANTE NOTA CGE/SCSL-304/2016', 'CORPORACIÓN DE LAS FUERZAS ARMADAS PARA EL DESARROLLO NACIONAL - COFADENA', '14764', '2022-06-17', 'FJS. 6', 2, 'SCEP-EXT-698/2022', 18, 3, '1111-11-11', ' ', NULL, NULL, NULL),
(102, '2022', 699, 'EXTERNA', 2, 'REMITE OBSERVACIONES A EVALUACIONES DEL EXAMEN DE CONF. EN ATENCIÓN A CGE/SCEP-380/2022', 'GESTORA PÚBLICA DE LA SEGURIDAD SOCIAL DE LARGO PLAZO - GESTORA', '14875', '2022-06-17', 'FJS. 21', 3, 'SCEP-EXT-699/2022', 1, 3, '1111-11-11', ' ', NULL, NULL, NULL),
(103, '2022', 700, 'EXTERNA', 2, 'REMITE FORMULARIOS FORMATOS 1 Y 2 DEL INFORME ASP/B/UAI/INF/OP/021/2021', 'ADMINISTRACIÓN DE SERVICIOS PORTUARIOS BOLIVIA ASP-B', '14984', '2022-06-20', 'FJS. 4', 2, 'SCEP-EXT-700/2022', 23, 3, '1111-11-11', ' ', NULL, NULL, NULL),
(104, '2022', 701, 'EXTERNA', 2, 'REMITE DOCUMENTACIÓN EN ATENCIÓN A NOTA N° CGE/SCEP-151-27/2022', 'EMPRESA MUNICIPAL DE AGUA POTABLE Y ALCANTARILLADO SACABA-EMAPAS', '14992', '2022-06-20', 'FJS. 1; ENGRAP. 1; CD. 1', 2, 'SCEP-EXT-701/2022', 19, 3, '1111-11-11', ' ', NULL, NULL, NULL),
(105, '2022', 702, 'EXTERNA', 2, 'REMITE LEGAJO PERMANENTE - ANEXO D EN ATENCIÓN A NOTA NRO. CGE/SCEP-439/2022', 'Depósitos Aduaneros Bolivianos – DAB', '14946', '2022-06-20', 'FJS. 1; CD. 1', 2, 'SCEP-EXT-702/2022', 10, 3, '1111-11-11', ' ', NULL, NULL, NULL),
(106, '2022', 287, 'INTERNA', 2, 'RESOLUCIÓN No. CGE/043/2022', 'GNRH', '287', '2022-06-13', 'FJS. 1', 1, 'SCEP-INT-287/2022', 19, 3, '1111-11-11', ' ', NULL, NULL, NULL),
(107, '2022', 288, 'INTERNA', 2, 'COMUNICADO 013/2022', 'GNRH', '288', '2022-06-15', 'FJS. 1', 1, 'SCEP-INT-288/2022', 19, 3, '1111-11-11', ' ', NULL, NULL, NULL),
(108, '2022', 289, 'INTERNA', 2, 'REMITE NOTA EMSA CITE GCI/GRAL/473/2022 EN ATENCIÓN A CGE/SCEP-0415/2022', 'GERENCIA DEPARTAMENTAL DE COCHABAMBA', '14968', '2022-06-20', 'FJS. 5', 2, 'SCEP-INT-289/2022', 23, 3, '1111-11-11', ' ', NULL, NULL, NULL),
(109, '2022', 703, 'EXTERNA', 2, 'REMITE INFORME FINAL DEL SERVICIO DE AUD. FINANCIERA', 'GUTIERREZ & THOMPSON ASOC. SRL.', '15040', '2022-06-20', '158', 2, 'SCEP-EXT-703/2022', 21, 3, '1111-11-11', ' ', NULL, NULL, NULL),
(110, '2022', 704, 'EXTERNA', 2, 'REMITE FORM. F-3803 DECLARACIÓN ANUAL DE INDEPENDENCIA DEL AUD. GUB.', 'EMPRESA NACIONAL DE FERROCARRILES-RESIDUAL', '15042', '2022-06-22', 'FJS. 6', 3, 'SCEP-EXT-704/2022', 19, 3, '1111-11-11', ' ', NULL, NULL, NULL),
(111, '2022', 705, 'EXTERNA', 2, 'REMITE PRIMER SEGUIMIENTO A RECOMENDACIONES DEL CONTROL INTERNO DE AUD. EXT.', 'Empresa Tarijeña del Gas - EMTAGAS', '15028', '2022-06-22', 'FJS. 30', 2, 'SCEP-EXT-705/2022', 22, 3, '1111-11-11', ' ', NULL, NULL, NULL),
(112, '2022', 706, 'EXTERNA', 2, 'REMITE P/T S/AUDITORIA DE CONFIABILIDAD DE EE.FF. 2021 DE LA UAI', 'Empresa Estratégica Boliviana de Construcción y Conservación de Infraestructura Civil - EBC', '15025', '2022-06-22', 'FJS. 1; CD. 1', 2, 'SCEP-EXT-706/2022', 1, 3, '1111-11-11', ' ', NULL, NULL, NULL),
(113, '2022', 707, 'EXTERNA', 2, 'REMITE ESTADOS FINANCIEROS GESTIÓN 2021 EN MEDIO MAGNÉTICO', 'Empresa Local de Agua Potable y Alcantarillado Sucre - ELAPAS', '15085', '2022-06-22', 'FJS. 1; CD. 1', 3, 'SCEP-EXT-707/2022', 19, 3, '1111-11-11', ' ', NULL, NULL, NULL),
(114, '2022', 708, 'EXTERNA', 2, 'RESPUESTA A NOTA CGE/SCEP-464/2022 SOBRE INFORMES ACEPTACIÓN DE RECOMENDACIONES', 'Depósitos Aduaneros Bolivianos – DAB', '15102', '2022-06-22', 'FJS. 24', 2, 'SCEP-EXT-708/2022', 23, 3, '1111-11-11', ' ', NULL, NULL, NULL),
(115, '2022', 709, 'EXTERNA', 2, 'REMITE FORMATOS 1 Y 2 EN ATENCIÓN A NOTA CGE/SCEP-437/2022', 'EMPRESA PÚBLICA NACIONAL ESTRATÉGICA DE YACIMIENTOS DE LITIO BOLIVIANO', '15100', '2022-06-22', 'FJS. 19', 2, 'SCEP-EXT-709/2022', 23, 3, '1111-11-11', ' ', NULL, NULL, NULL),
(116, '2022', 710, 'EXTERNA', 2, 'RESPUESTA A LA NOTA CGE/SCEP-456/2022', 'Empresa Tarijeña del Gas - EMTAGAS', '15125', '2022-06-22', 'FJS. 22', 1, 'SCEP-EXT-710/2022', 21, 3, '1111-11-11', ' ', NULL, NULL, NULL),
(117, '2022', 711, 'EXTERNA', 2, 'REM. FORMATOS DE ACEPTACIÓN Y CRONOGRAMA DE IMPLEMENTACIÓN DE RECOMENDACIONES', 'Empresa Municipal de Áreas Verdes, Parques y Forestación  - EMAVERDE', '15143', '2022-06-23', 'FJS. 8', 2, 'SCEP-EXT-711/2022', 23, 3, '1111-11-11', ' ', NULL, NULL, NULL),
(118, '2022', 712, 'EXTERNA', 2, 'REMITE FORM. F-3008 PROCESOS DE CONTRATACIÓN DIRECTA', 'Empresa Estratégica Boliviana de Construcción y Conservación de Infraestructura Civil - EBC', '15274', '2022-06-23', 'FJS. 35; CD. 1', 1, 'SCEP-EXT-712/2022', 15, 3, '1111-11-11', ' ', NULL, NULL, NULL),
(119, '2022', 713, 'EXTERNA', 2, 'REMITE FORMATOS 1 Y 2 DEL INFORME N° QUIPUS/UAI/CI-004/2022 Y OTROS', 'Empresa Pública “QUIPUS”', '15269', '2022-06-23', 'FJS. 55', 2, 'SCEP-EXT-713/2022', 23, 3, '1111-11-11', ' ', NULL, NULL, NULL),
(120, '2022', 714, 'EXTERNA', 2, 'REMITE FORMATOS 1 Y 2 DEL INFORME DE AUD. EXTERNA FINANCIERA', 'Servicio Autónomo Municipal de Agua Potable y Alcantarillado - SAMAPA', '15257', '2022-06-23', 'FJS. 11', 2, 'SCEP-EXT-714/2022', 23, 3, '1111-11-11', ' ', NULL, NULL, NULL),
(121, '2022', 715, 'EXTERNA', 2, 'REMITE FORMATOS 1 Y 2 DEL INFORME N° ABE/AI-02/2022', 'AGENCIA BOLIVIANA ESPACIAL', '15264', '2022-06-23', 'FJS. 6', 2, 'SCEP-EXT-715/2022', 23, 3, '1111-11-11', ' ', NULL, NULL, NULL),
(122, '2022', 290, 'INTERNA', 2, 'EVALUACIÓN DE CONFIRMACIÓN', 'GNRH', '290', '2022-06-24', 'FJS. 3', 1, 'SCEP-INT-290/2022', 19, 3, '1111-11-11', ' ', NULL, NULL, NULL),
(123, '2022', 291, 'INTERNA', 2, 'EVENTO VIRTUAL PREVENCIÓN DE CÁNCER CÉRVICO UTERINO Y MAMA', 'GNRH', '291', '2022-06-24', 'FJS. 1', 1, 'SCEP-INT-291/2022', 19, 3, '1111-11-11', ' ', NULL, NULL, NULL),
(124, '2022', 292, 'INTERNA', 2, 'REM. NOTA DEL EBIH FORM. F-3008 DECLARACIONES JURADAS SOBRE INFORMACIÓN DE PROCESOS', 'GERENCIA DEPARTAMENTAL DE COCHABAMBA', '15234', '2022-06-24', 'FJS. 7', 1, 'SCEP-INT-292/2022', 15, 3, '1111-11-11', ' ', NULL, NULL, NULL),
(125, '2022', 293, 'INTERNA', 2, 'REQUERIMIENTO SEGÚN NOTA SCEP/CI-150/2022', 'GNAF', '293', '2022-06-24', 'FJS. 7', 2, 'SCEP-INT-293/2022', 19, 3, '1111-11-11', ' ', NULL, NULL, NULL),
(126, '2022', 716, 'EXTERNA', 2, 'REMISIÓN DOCUMENTACIÓN EN ATENCIÓN A NOTA NRO. CGE/SCEP-469/2022', 'GOBIERNO AUTÓNOMO MUNICIPAL DE LLALLAGUA', '15300', '2022-06-24', 'FJS. 4', 1, 'SCEP-EXT-716/2022', 19, 3, '1111-11-11', ' ', NULL, NULL, NULL),
(127, '2022', 717, 'EXTERNA', 2, 'REMISIÓN DE FORMATO 1 Y 2 DEL INFORME INTERNO DE AUDITORIA EXTERNA', 'TRANSPORTE AÉREOS BOLIVIANOS', '15358', '2022-06-24', 'FJS. 20', 2, 'SCEP-EXT-717/2022', 23, 3, '1111-11-11', ' ', NULL, NULL, NULL),
(128, '2022', 718, 'EXTERNA', 2, 'REMITE INFORMACIÓN EN ATENCIÓN A NOTA NRO. CGE/SCEP-461-6/2022', 'Empresa Siderúrgica del Mutún', '15357', '2022-06-24', 'FJS. 3; CD. 1', 2, 'SCEP-EXT-718/2022', 19, 3, '1111-11-11', ' ', NULL, NULL, NULL),
(129, '2022', 719, 'EXTERNA', 2, 'REMITE INFORMACIÓN EN ATENCIÓN A NOTA N° CGE/SCEP-151-33/2022', 'Administración Autónoma para Obras Sanitarias AAPOS– Potosí', '15336', '2022-06-24', 'FJS. 1; CD. 1', 2, 'SCEP-EXT-719/2022', 19, 3, '1111-11-11', ' ', NULL, NULL, NULL),
(130, '2022', 720, 'EXTERNA', 2, 'REM. INFORME DE SEGUIMIENTO N° YACANA/GE/UAI/IT/N°0007/2022 Y CN/2022-00190', 'EMPRESA ESTATAL YACANA', '15389', '2022-06-27', 'FJS. 15', 2, 'SCEP-EXT-720/2022', 22, 3, '1111-11-11', ' ', NULL, NULL, NULL),
(131, '2022', 721, 'EXTERNA', 2, 'REMITE FORMULARIO F-3008 DECLARACIÓN DE PROCESOS DE CONTRATACIÓN DIRECTA', 'Depósitos Aduaneros Bolivianos – DAB', '15404', '2022-06-27', 'FJS. 13; CD. 1', 1, 'SCEP-EXT-721/2022', 15, 3, '1111-11-11', ' ', NULL, NULL, NULL),
(132, '2022', 722, 'EXTERNA', 2, 'SOLICITA FOTOCOPIAS LEG. DE INFORME CGE/SCEP/INF-003/2021 POA EMAVIAS REGLAMENTO RE/CE-029', 'FISCALIA DEPARTAMENTAL DE LA PAZ - MINISTERIO PÚBLICO', '15369', '2022-06-28', 'FJS. 1', 2, 'SCEP-EXT-722/2022', 17, 3, '1111-11-11', ' ', NULL, NULL, NULL),
(133, '2022', 723, 'EXTERNA', 2, 'REMIE DOCUMENTACIÓN EN ATENCIÓN A NOTA NRO. CGE/SCEP-380/2022', 'Gestora Pública de la Seguridad Social de Largo Plazo - GESTORA', '15442', '2022-06-28', 'FJS. 20', 2, 'SCEP-EXT-723/2022', 19, 3, '1111-11-11', ' ', NULL, NULL, NULL),
(134, '2022', 724, 'EXTERNA', 2, 'REMITE INFORME FINAL DE CONTROL INTERNO REALIZADA A EMAVRA Y EE. FF.', 'GUTIERREZ & THOMPSON ASOC. SRL', '15518', '2022-06-28', 'FJS. 141', 2, 'SCEP-EXT-724/2022', 21, 3, '1111-11-11', ' ', NULL, NULL, NULL),
(135, '2022', 725, 'EXTERNA', 2, 'REMITE DOCUMENTACIÓN EN ATENCIÓN A NOTA NRO. CGE/SCEP-461-10/2022', 'Empresa Pública Transporte Aéreo Militar - TAM', '15570', '2022-06-29', 'FJS. 34; CD. 1', 2, 'SCEP-EXT-725/2022', 19, 3, '1111-11-11', ' ', NULL, NULL, NULL),
(136, '2022', 294, 'INTERNA', 2, 'ATENCIÓN INSTRUCCIÓN CASO EASBA', 'LIC. PEREGRINO MAMANI ADRIAN', '294', '2022-06-27', 'FJS. 1', 1, 'SCEP-INT-294/2022', 19, 3, '1111-11-11', ' ', NULL, NULL, NULL),
(137, '2022', 295, 'INTERNA', 2, 'REM. DE NOTA POR LUIS APARICIO RIBERA SOLICITANDO AUDITORIA EN EL SERVICIO MUNICIPAL AGUA POTABLE', 'GERENCIA DEPARTAMENTAL DE COCHABAMBA', '15542', '2022-06-28', 'FJS. 15', 2, 'SCEP-INT-295/2022', 18, 3, '1111-11-11', ' ', NULL, NULL, NULL),
(138, '2022', 726, 'EXTERNA', 2, 'REMITE FORMATOS 1 Y 2 DEL INFORME DE AUDITORIA N° GP/GG/AI/INF/CONFCI/1/2022', 'GESTORA PÚBLICA DE LA SEGURIDAD SOCIAL DE LARGO PLAZO', '15589', '2022-06-29', 'FJS. 21', 2, 'SCEP-EXT-726/2022', 23, 3, '1111-11-11', ' ', NULL, NULL, NULL),
(139, '2022', 727, 'EXTERNA', 2, 'REMITE FORM. F-3008 PROCESOS DE CONTRATACIÓN DIRECTA', 'Empresa Estatal de Transporte por Cable “MI TELEFÉRICO”', '15611', '2022-06-29', 'Fjs, 4; cd. 1', 1, 'SCEP-EXT-727/2022', 15, 3, '1111-11-11', ' ', NULL, NULL, NULL),
(140, '2022', 728, 'EXTERNA', 2, 'REM. INFORMACIÓN EN CUMPLIMIENTO A RESOL. N° CGE/078/2018 PROCESOS DE CONTRATACIÓN DIRECTA', 'Agencia Boliviana Espacial - ABE', '15617', '2022-06-29', 'FJS, 3; CD. 1', 1, 'SCEP-EXT-728/2022', 15, 3, '1111-11-11', ' ', NULL, NULL, NULL),
(141, '2022', 729, 'EXTERNA', 2, 'COMUNICA SOBRE LA DESIGNACIÓN DE AUDITOR INTERNO', 'YACIMIENTO PETROLÍFEROS FISCALES BOLIVIANOS', '15651', '2022-06-29', 'FJS. 3', 2, 'SCEP-EXT-729/2022', 19, 3, '1111-11-11', ' ', NULL, NULL, NULL),
(142, '2022', 730, 'EXTERNA', 2, 'REMITE FORMULARIOS DE DJBR SOBRE CONTRATACIONES DIRECTAS', 'EMPRESA ESTATAL DE TRANSPORTE POR CABLE MI TELEFÉRICO', '15764', '2022-06-30', 'FJS. 7; CD. 1', 1, 'SCEP-EXT-730/2022', 15, 3, '1111-11-11', ' ', NULL, NULL, NULL),
(143, '2022', 731, 'EXTERNA', 2, 'REMISIÓN DE INFORME UAI N°009/2022', 'EMPRESA DE APOYO A LA PRODUCCIÓN DE ALIMENTOS', '15765', '2022-06-30', 'FJS. 25', 2, 'SCEP-EXT-731/2022', 22, 3, '1111-11-11', ' ', NULL, NULL, NULL),
(144, '2022', 732, 'EXTERNA', 2, 'REMITE INFORME DE UAI N° 013/2022', 'EMPRESA DE APOYO A LA PRODUCCIÓN DE ALIMENTOS', '15766', '2022-06-30', 'FJS. 16 (1 ANILLADO)', 2, 'SCEP-EXT-732/2022', 22, 3, '1111-11-11', ' ', NULL, NULL, NULL),
(145, '2022', 733, 'EXTERNA', 2, 'REMITE INFORME UAI N°012/2022', 'AMPRESA DE APOYO A LA PRODUCCIÓN DE ALIMENTOS', '15767', '2022-06-30', 'FJS. 1; CD. 1', 1, 'SCEP-EXT-733/2022', 4, 3, '1111-11-11', ' ', NULL, NULL, NULL),
(146, '2022', 734, 'EXTERNA', 2, 'REMITE INFORME UAI N°010/2022', 'EMPRESA DE APOYO A LA PRODUCCIÓN DE ALIMENTOS', '15768', '2022-06-30', 'FJS. 1; CD. 1', 1, 'SCEP-EXT-734/2022', 4, 3, '1111-11-11', ' ', NULL, NULL, NULL),
(147, '2022', 735, 'EXTERNA', 2, 'REMITE INFORMACIÓN EN ATENCIÓN A NOTA NRO. CGE/SCEP-461-2/2022', 'EMPRESA DE APOYO A LA PRODUCCIÓN DE ALIMENTOS', '15738', '2022-06-30', 'FJS. 1; CD. 1', 2, 'SCEP-EXT-735/2022', 19, 3, '1111-11-11', ' ', NULL, NULL, NULL),
(148, '2022', 736, 'EXTERNA', 2, 'REMITE UN FORMULARIOF-3008', 'EMPRESA PÚBLICA QUIPUS', '15757', '2022-06-30', 'FJS. 3; CD. 1', 1, 'SCEP-EXT-736/2022', 15, 3, '1111-11-11', ' ', NULL, NULL, NULL),
(149, '2022', 737, 'EXTERNA', 2, 'REMITE INFORME DE EE.FF. 2021 DE NAABOL RURRENABAQUE', 'NAVEGACIÓN AÉREA Y AEROPUERTOS BOLIVIANOS', '15760', '2022-06-30', 'FJS. 98 (1 ANILLADO)', 1, 'SCEP-EXT-737/2022', 21, 3, '1111-11-11', ' ', NULL, NULL, NULL),
(150, '2022', 738, 'EXTERNA', 2, 'REMITE INFORME N° 013/2022', 'TRANSPORTE AÉREOS BOLIVIANOS', '15713', '2022-06-30', 'FJS. 10:', 2, 'SCEP-EXT-738/2022', 22, 3, '1111-11-11', ' ', NULL, NULL, NULL),
(151, '2022', 739, 'EXTERNA', 2, 'COMUNICA SOBRE LA NO EMISIÓN DE INFORMES DE EVALUACIÓN A LOS FORM. F-3008', 'TRANSPORTES AÉREOS BOLIVIANOS', '15712', '2022-06-30', 'FJS. 1', 2, 'SCEP-EXT-739/2022', 18, 3, '1111-11-11', ' ', NULL, NULL, NULL),
(152, '2022', 740, 'EXTERNA', 2, 'REMITE PLAN ANUAL DE ACTIVIDADES 2022 REFORMULADO - EN MEDIO DIGITAL', 'SERVICIO NACIONAL TEXTIL', '15707', '2022-06-30', 'FJS. 1; CD. 1', 2, 'SCEP-EXT-740/2022', 19, 3, '1111-11-11', ' ', NULL, NULL, NULL),
(153, '2022', 741, 'EXTERNA', 2, 'REMITE INFORME IN/GG/AI/2022-0009 REFORMULACIÓN POA GESTIÓN 2022', 'EMPRESA ESTRATÉGICA BOLIVIANA DE CONSTRUCCIÓN Y CONSERVACIÓN DE INFRAESTRUCTURA CIVIL', '15773', '2022-06-30', 'FJS. 38(1 ANILLADO); CD. 1', 2, 'SCEP-EXT-741/2022', 9, 3, '1111-11-11', ' ', NULL, NULL, NULL),
(154, '2022', 742, 'EXTERNA', 2, 'REMITE FORMATO N° 2 CON N°IPR-CI-001/2021', 'SERVICIO MUNICIPAL DE AGUA POTABLE Y ALCANTARILLADO SANITARIO', '15780', '2022-06-30', 'FJS. 14', 2, 'SCEP-EXT-742/2022', 23, 3, '1111-11-11', ' ', NULL, NULL, NULL),
(155, '2022', 743, 'EXTERNA', 2, 'REMISIÓN DE FORMULARIOS F-3008 CORRESPONDIENTES A CONTRATACIONES DIRECTAS', 'MINISTERIO DE DESARROLLO RURAL Y TIERRAS', '15661', '2022-06-30', 'FJS. 11; CD. 1', 1, 'SCEP-EXT-743/2022', 15, 3, '1111-11-11', ' ', NULL, NULL, NULL),
(156, '2022', 744, 'EXTERNA', 2, 'REMISIÓN DE LOS FORMULARIOS F-3008 CONTRATACIONES DIRECTAS', 'EMPRESA BOLIVIANA DE ALIMENTOS Y DERIVADOS', '15677', '2022-06-30', 'FJS. 60; CD. 1', 1, 'SCEP-EXT-744/2022', 15, 3, '1111-11-11', ' ', NULL, NULL, NULL),
(157, '2022', 745, 'EXTERNA', 2, 'REMITE FORMULARIOS F-3008 CONTRATACIONES DIRECTAS', 'EMPRESA AZUCARERA SAN BUENAVENTURA', '15808', '2022-06-30', 'FJS. 15; CD.1', 1, 'SCEP-EXT-745/2022', 15, 3, '1111-11-11', ' ', NULL, NULL, NULL),
(158, '2022', 746, 'EXTERNA', 2, 'REMITE INFORME ASP-B/UAI/INF-SG-008/2022', 'ADMINISTRACIÓN DE SERVICIOS PORTUARIOS- BOLIVIA', '15812', '2022-07-01', 'FJS. 9 (1 ANILLADO)', 2, 'SCEP-EXT-746/2022', 22, 3, '1111-11-11', ' ', NULL, NULL, NULL),
(159, '2022', 747, 'EXTERNA', 2, 'REMITE FORMULACIÓN DE POA GESTIÓN 2022', 'ADMINISTRACIÓN DE SERVICIOS PORTUARIOS - BOLIVIA', '15815', '2022-07-01', 'FJS. 86(1 ANILLADO)', 2, 'SCEP-EXT-747/2022', 9, 3, '1111-11-11', ' ', NULL, NULL, NULL),
(160, '2022', 296, 'INTERNA', 2, 'DOCUMENTACIÓN ORIGINAL DE AAPOS POTOSI', 'GERENCIA DEPARTAMENTAL DE POTOSÍ', '15610', '2022-06-29', 'FJS. 2; CD. 1', 2, 'SCEP-INT-296/2022', 10, 3, '1111-11-11', ' ', NULL, NULL, NULL),
(161, '2022', 297, 'INTERNA', 2, 'INVITACIÓN ACTO DE RECONOCIMIENTO', 'GCI', '297', '2022-06-29', 'FJS. 2', 1, 'SCEP-INT-297/2022', 19, 3, '1111-11-11', ' ', NULL, NULL, NULL),
(162, '2022', 298, 'INTERNA', 2, 'REGISTRO DE DENUNCIAS Y/SOLICITUD DE AUDITORÍAS - PE/CE-084-2021-2022', 'SECRETARÍA GENERAL', '298', '2022-06-30', 'FJS. 2', 1, 'SCEP-INT-298/2022', 19, 3, '1111-11-11', ' ', NULL, NULL, NULL),
(163, '2022', 299, 'INTERNA', 2, 'CRONOGRAMA MENSUAL DE DESINFECCIÓN DE AMBIENTES DE LA CGE', 'GNRH', '299', '2022-06-30', 'FJS. 1', 1, 'SCEP-INT-299/2022', 19, 3, '1111-11-11', ' ', NULL, NULL, NULL),
(164, '2022', 300, 'INTERNA', 2, 'REMISIÓN CONTRATACIÓN ENDE CORPORACIÓN', 'GERENCIA DEPARTAMENTAL DE COCHABAMBA', '15846', '2022-07-01', 'FJS. 21; CD. 1', 1, 'SCEP-INT-300/2022', 15, 3, '1111-11-11', ' ', NULL, NULL, NULL),
(165, '2022', 748, 'EXTERNA', 2, 'REGISTRO DE PROCESOS DE CONTRATACIÓN DIRECTA', 'EMPRESA ESTATAL DE TELEVISIÓN \"BOLIVIA TV\"', '15789', '2022-07-01', 'FJS. 890; CD. 1', 1, 'SCEP-EXT-748/2022', 15, 3, '1111-11-11', ' ', NULL, NULL, NULL),
(166, '2022', 749, 'EXTERNA', 2, 'REGISTRO DE CONTRATACIÓN DIRECTA', 'EMPRESA PÚBLICA EDITORIAL DEL ESTADO PLURINACIONAL DE BOLIVIA', '15794', '2022-07-01', 'FJS. 9; CD. 1', 1, 'SCEP-EXT-749/2022', 15, 3, '1111-11-11', ' ', NULL, NULL, NULL),
(167, '2022', 750, 'EXTERNA', 2, 'REMITE POA REFORMULADO 2022', 'EMPRESA PÚBLICA DEPARTAMENTAL DE SERVICIOS ELÉCTRICOS TARIJA - SETAR', '15885', '2022-07-01', 'FJS. 94 (1 ANILLADO)', 2, 'SCEP-EXT-750/2022', 9, 3, '1111-11-11', ' ', NULL, NULL, NULL),
(168, '2022', 301, 'INTERNA', 2, 'REMITE NOTA EPDEOR/G.G. N°101/2022 EN RESPUESTA A NOTA CGE/SCEP-461/2022', 'GERENCIA DEPARTAMENTAL DE ORURO', '15880', '2022-07-01', 'FJS. 7', 2, 'SCEP-INT-301/2022', 23, 3, '1111-11-11', ' ', NULL, NULL, NULL),
(169, '2022', 751, 'EXTERNA', 2, 'REFORMULACIÓN DEL PLAN DE ACTIVIDADES 2022', 'EMPRESA MISICUNI', '15838', '2022-07-01', 'FJS. 1; CD. 1', 2, 'SCEP-EXT-751/2022', 19, 3, '1111-11-11', ' ', NULL, NULL, NULL),
(170, '2022', 752, 'EXTERNA', 2, 'REMITE INFORME DE SEGUIMIENTO AL CONTROL INTERNO GESTIÓN 2020', 'EMPRESA SIDERÚRGICA DEL MUTÚN', '15896', '2022-07-01', 'FJS. 16; CD. 1', 2, 'SCEP-EXT-752/2022', 22, 3, '1111-11-11', ' ', NULL, NULL, NULL),
(171, '2022', 302, 'INTERNA', 2, 'ENTREGA MEMORIAS ANUALES 2016-2021 Y LIBRO MEMORIA DE GESTIÓN DEL CONTRALOR 2016-2022', 'GERENCIA DE COMUNICACIÓN INSTITUCIONAL', '302', '2022-07-01', 'FJS. 1; LIBROS 4; USB. 4', 1, 'SCEP-INT-302/2022', 19, 3, '1111-11-11', ' ', NULL, NULL, NULL),
(172, '2022', 753, 'EXTERNA', 2, 'RESPUESTA EN ATENCIÓN A NOTA NRO. CGE/SCNC-237/2022', 'CORPORACIÓN DE LAS FUERZAS ARMADAS PARA EL DESARROLLO NACIONAL', '15670', '2022-07-01', 'FJS. 2', 2, 'SCEP-EXT-753/2022', 18, 3, '1111-11-11', ' ', NULL, NULL, NULL),
(173, '2022', 754, 'EXTERNA', 2, 'REMITE POA GESTIÓN 2022 N° UAI/INF/N° 005/2022', 'EMPRESA PÚBLICA TRANSPORTE AÉREO MILITAR', '15924', '2022-07-01', 'FJS. 22', 2, 'SCEP-EXT-754/2022', 22, 3, '1111-11-11', ' ', NULL, NULL, NULL),
(174, '2022', 303, 'INTERNA', 2, 'REMISIÓN DE CORRESPONDENCIA RECIBIDA', 'GERENCIA DEPARTAMENTAL DE SANTA CRUZ', '15923', '2022-07-01', 'FJS. 127; CD. 11', 1, 'SCEP-INT-303/2022', 15, 3, '1111-11-11', ' ', NULL, NULL, NULL),
(175, '2022', 755, 'EXTERNA', 2, 'REMITE INFORME EASBA-UAI-INF N°014/2022', 'EMPRESA AZUCARERA SAN BUENAVENTURA', '15984', '2022-07-01', 'FJS. 27 (1 ANILLADO)', 2, 'SCEP-EXT-755/2022', 22, 3, '1111-11-11', ' ', NULL, NULL, NULL),
(176, '2022', 756, 'EXTERNA', 2, 'REMITE REGLAMENTOS INTERNOS DE LA GERENCIA ADMINISTRATIVA FINANCIERA EETC', 'EMPRESA ESTATAL DE TRANSPORTE POR CABLE \"MI TELEFÉRICO\"', '15957', '2022-07-01', 'FJS. 69', 2, 'SCEP-EXT-756/2022', 19, 3, '1111-11-11', ' ', NULL, NULL, NULL),
(177, '2022', 304, 'INTERNA', 2, 'EJECUCIÓN PRESUPUESTARIA AL 30 DE JUNIO DE 2022', 'GNAF', '304', '2022-07-01', 'FJS. 5', 2, 'SCEP-INT-304/2022', 19, 3, '1111-11-11', ' ', NULL, NULL, NULL),
(178, '2022', 305, 'INTERNA', 2, 'INFORME CGE/SCEP/INF-069/2022', 'Ing. Luis G. Yapuchura Chuquimia', '305', '2022-07-01', 'Fjs. 7', 2, 'SCEP-INT-305/2022', 19, 3, '1111-11-11', ' ', NULL, NULL, NULL),
(179, '2022', 757, 'EXTERNA', 2, 'REMITE DOCUMENTACIÓN DE TRANSFERENCIA DE ACTIVOS FIJOS A LA EBCE', 'AGENCIA PARA EL DESARROLLO DE LAS MACROREGIONES Y ZONAS FRONTERIZAS', '15966', '2022-07-04', 'FJS. 103', 2, 'SCEP-EXT-757/2022', 19, 3, '1111-11-11', ' ', NULL, NULL, NULL),
(180, '2022', 758, 'EXTERNA', 2, 'REM. DOCUMENTACIÓN E INFORMACIÓN EN ATENCIÓN A NOTA NRO. CGE/SCEP-159/2022', 'EMPRESA BOLIVIANA DE INDUSTRIALIZACIÓN DE HIDROCARBUROS', '15991', '2022-07-04', 'FJS. 11', 2, 'SCEP-EXT-758/2022', 9, 3, '1111-11-11', ' ', NULL, NULL, NULL),
(181, '2022', 759, 'EXTERNA', 2, 'REMITE DOCUMENTACIÓN EN ATENCIÓN A NOTA NRO. CG/SCEP-480-26/2022', 'EMPRESA BOLIVIANA DE INDUSTRIALIZACIÓN DE HIDROCARBUROS', '15992', '2022-07-04', 'FJS. 51', 2, 'SCEP-EXT-759/2022', 19, 3, '1111-11-11', ' ', NULL, NULL, NULL),
(182, '2022', 306, 'INTERNA', 2, 'INFORME FINAL DE EVALIACIÓN DEL POA GESTIÓN 2021', 'SUBCONTRALORIA GENERAL', '306', '2022-07-01', 'FJS. 6', 2, 'SCEP-INT-306/2022', 19, 3, '1111-11-11', ' ', NULL, NULL, NULL),
(183, '2022', 760, 'EXTERNA', 2, 'REMITE POA 2022 REPROGRAMADO DE AUDITORIA INTERNA - EN MEDIO MAGNETICO', 'Gestora Pública de la Seguridad Social de Largo Plazo - GESTORA', '16007', '2022-07-04', 'FJS. 1; CD. 1', 2, 'SCEP-EXT-760/2022', 9, 3, '1111-11-11', ' ', NULL, NULL, NULL),
(184, '2022', 761, 'EXTERNA', 2, 'REMITE INFORME N° UAI/OP-009/2022 AUDITORIA OPERACIONAL', 'Empresa Municipal de Agua Potable y Alcantarillado Sacaba - EMAPAS', '16014', '2022-07-04', 'FJS. 14 (1 ANILLADO)', 2, 'SCEP-EXT-761/2022', 2, 3, '1111-11-11', ' ', NULL, NULL, NULL),
(185, '2022', 762, 'EXTERNA', 2, 'RESPUESTA A NOTA CGE/SCEP-0476/2022', 'Empresa Local de Agua Potable y Alcantarillado Sucre - ELAPAS', '16082', '2022-07-04', 'FJS. 3', 2, 'SCEP-EXT-762/2022', 19, 3, '1111-11-11', ' ', NULL, NULL, NULL),
(186, '2022', 763, 'EXTERNA', 2, 'RESPUESTA EN ATENCIÓN A NOTA NRO. CGE/SCEP-151/2022', 'Empresa Municipal de Áreas Verdes, Parques y Forestación  - EMAVERDE', '16047', '2022-07-04', 'FJS. 3', 2, 'SCEP-EXT-763/2022', 19, 3, '1111-11-11', ' ', NULL, NULL, NULL),
(187, '2022', 307, 'INTERNA', 2, 'DIFUSIÓN INSTRUMENTOS NORMATIVOS', 'SCSL/CI-356/2022', '307', '2022-07-04', 'FJS. 1', 1, 'SCEP-INT-307/2022', 19, 3, '1111-11-11', ' ', NULL, NULL, NULL),
(188, '2022', 308, 'INTERNA', 2, 'CAMBIO DE NOMBRE INSTRUCTIVO II/SL-078', 'SCSL/GR-DJBR/CI-265-295-307-284/2022', '308', '2022-07-04', 'FJS. 8; SOBRES 9', 2, 'SCEP-INT-308/2022', 19, 3, '1111-11-11', ' ', NULL, NULL, NULL),
(189, '2022', 309, 'INTERNA', 2, 'REMISIÓN DE DOCUMENTOS EMPRESA METALÚRGICA VINTO', 'GERENCIA DEPARTAMENTAL DE ORURO', '16028', '2022-07-04', 'FJS. 2; ANILLADO 2', 2, 'SCEP-INT-309/2022', 19, 3, '1111-11-11', ' ', NULL, NULL, NULL),
(190, '2022', 764, 'EXTERNA', 2, 'REMITE FORMULARIOS F-3008 PROCESOS DE CONTRATACIÓN DIRECTA', 'GESTORA PÚBLICA DE LA SEGURIDAD SOCIAL DE LARGO PLAZO - GESTORA', '16116', '2022-07-06', 'FJS. 1', 1, 'SCEP-EXT-764/2022', 23, 3, '1111-11-11', ' ', NULL, NULL, NULL),
(191, '2022', 310, 'INTERNA', 2, 'Difusión Instrumento Normativo Procedimiento para la elaboración, control y conciliación de planilla de remuneraciones de la Contraloría General del Estado PI/AR-098', 'SCSL/CI-366/2022', '310', '2022-07-04', 'FJS. 1', 1, 'SCEP-INT-310/2022', 19, 3, '1111-11-11', ' ', NULL, NULL, NULL),
(192, '2022', 311, 'INTERNA', 2, 'RESPUESTA A NOTA CGE/SCEP-457/2022 CERTIFICA EMISIÓN TITULO PROFESIONAL DE SERGIO MAURICIO VIDAL LOPEZ', 'UNIVERSIDAD CATÓLICA BOLIVIANA – TARIJA', '311', '2022-07-05', 'FJS. 1', 2, 'SCEP-INT-311/2022', 19, 3, '1111-11-11', ' ', NULL, NULL, NULL),
(193, '2022', 312, 'INTERNA', 2, 'REMITE NOTA OB.GA.NE.034/2022 EVALUACIÓN PROCESOS DE CONTRATACIÓN', 'BOLIVIANA DE AVIACIÓN BOA (GDC/CI-1078/2022)', '312', '2022-07-05', 'FJS. 2; CD. 1', 1, 'SCEP-INT-312/2022', 15, 3, '1111-11-11', ' ', NULL, NULL, NULL),
(194, '2022', 313, 'INTERNA', 2, 'REMITE NOTA OB.AA.NE.036/2022 DE PROCESO DE CONTRATACIONES DIRECTAS', 'BOLIVIA DE AVIACIÓN (GDC/CI-1073/2022)', '16170', '2022-07-05', 'FJS. 61; CD. 1', 1, 'SCEP-INT-313/2022', 15, 3, '1111-11-11', ' ', NULL, NULL, NULL),
(195, '2022', 314, 'INTERNA', 2, 'REMITE PLAN OPERATIVO ANUAL REAJUSTADO GESTIÓN 2022', 'EMPRESA MUNICIPAL DE AGUA POTABLE Y ALCANTARILLADO SACABA (GDC/CI-1074/2022)', '16173', '2022-07-05', 'FJS. 25 (1 ANILLADO)', 2, 'SCEP-INT-314/2022', 9, 3, '1111-11-11', ' ', NULL, NULL, NULL),
(196, '2022', 315, 'INTERNA', 2, 'REMITE NOTA DE LA EMPRESA BOA CON CITE BOA.GA.NE.035.22 PROGRAMA OPERATIVO ANUAL REFORMULADO', 'Boliviana de Aviación - BOA (GDC/CI-1077/2022)', '16179', '2022-07-05', 'FJS. 40 (1 anillado)', 2, 'SCEP-INT-315/2022', 9, 3, '1111-11-11', ' ', NULL, NULL, NULL),
(197, '2022', 316, 'INTERNA', 2, 'REMITE NOTA CON CITE: ENDE-UAIN-6/5-22', 'Empresa Nacional de Electricidad - ENDE (DGC/CI-1084/2022)', '16186', '2022-07-05', 'FJS. 4', 2, 'SCEP-INT-316/2022', 18, 3, '1111-11-11', ' ', NULL, NULL, NULL),
(198, '2022', 317, 'INTERNA', 2, 'RESPUESTA A NOTA CGE/SCEP-473/2022', 'Empresa Municipal de Servicios de Aseo - EMSA (GDC/CI-1079/2022)', '16184', '2022-07-05', 'FJS. 3', 2, 'SCEP-INT-317/2022', 19, 3, '1111-11-11', ' ', NULL, NULL, NULL),
(199, '2022', 318, 'INTERNA', 2, 'REMITE NOTA GERES/UAI/N° 030/20212 PLAN DE ACTIVIDADES ANUAL 2022 REFORMULADO', 'EMPRESA MUNICIPAL DE GESTIÓN DE RESIDUOS SÓLIDOS - GERES (GDC/CI-1076/2022)', '16177', '2022-07-05', 'FJS. 2; CD. 1', 2, 'SCEP-INT-318/2022', 19, 3, '1111-11-11', ' ', NULL, NULL, NULL),
(200, '2022', 319, 'INTERNA', 2, 'REMITE NOTA EMAVRA/UAI/N° 38/2022 PLAN DE ACTIVIDADES DE LA UNIDAD DE AUDITORIA INTERNA REFORMULADO GESTIÓN 2022', 'EMPRESA DE ÁREAS VERDES Y RECREACIÓN ALTERNATIVA - EMAVRA (GDC/CI-1075/2022)', '16175', '2022-07-05', 'FJS. 2; CD. 1', 2, 'SCEP-INT-319/2022', 19, 3, '1111-11-11', ' ', NULL, NULL, NULL);
INSERT INTO `corres` (`idcorres`, `gestion`, `correlativo`, `origen`, `idusuario`, `referencia`, `procedencia`, `no_control`, `fecha_corres`, `anexo`, `idestado`, `codigo`, `idtipo_hojaruta`, `iddocumento_adj`, `fecha_recib`, `hora_recib`, `idubicacion_archivo`, `fecha_archivo`, `usr_archivo`) VALUES
(201, '2022', 320, 'INTERNA', 2, 'REMITE NOTA G.GRAL.EXT.287/22 PROGRAMA DE OPERACIÓN ANUAL MODIFICADO GESTIÓN 2022 UAI', 'ADMINISTRACIÓN AUTÓNOMA PARA OBRAS SANITARIAS AAPOS– POTOSÍ (GDP-CI-108/2022)', '16209', '2022-07-06', 'FJS. 2; ENGRAMPADO 1', 2, 'SCEP-INT-320/2022', 9, 3, '1111-11-11', ' ', NULL, NULL, NULL),
(202, '2022', 765, 'EXTERNA', 2, 'REMITE FORMATOS 1 Y 2 DEL INFORME N° GE-NAS/0053/INF/2022', 'EMPRESA ESTATAL DE TRANSPORTE POR CABLE “MI TELEFERICO”', '16101', '2022-07-05', 'FJS. 5', 2, 'SCEP-EXT-765/2022', 23, 3, '1111-11-11', ' ', NULL, NULL, NULL),
(203, '2022', 766, 'EXTERNA', 2, 'REMITE DOCUMENTACIÓN Y FORMATOS 1 Y 2 DEL INFORME INF/AUD/INT/BAREA/2020-S1', 'SERVICIOS ELÉCTRICOS TARIJA - SETAR', '16240', '2022-07-06', 'FJS. 1; ARCHIVADOR 1', 2, 'SCEP-EXT-766/2022', 23, 3, '1111-11-11', ' ', NULL, NULL, NULL),
(204, '2022', 321, 'INTERNA', 2, 'DIFUSIÓN INSTRUMENTO NORMATIVO MANUAL DE PROCESOS CONTABLES MI/CO-117', 'SCSL/CI-369/2022', '321', '2022-07-04', 'FJS. 1', 1, 'SCEP-INT-321/2022', 19, 3, '1111-11-11', ' ', NULL, NULL, NULL),
(205, '2022', 322, 'INTERNA', 2, 'Remite Resolución N° CGE/051/2022, Lic. Sonia Verónica Velásquez Bozo - Subcontralor de Empresas Públicas a.i. a partir del día 05 de Julio de 2022 hasta el retorno del titular', 'GNRH', '322', '2022-07-06', 'FJS. 1', 1, 'SCEP-INT-322/2022', 19, 3, '1111-11-11', ' ', NULL, NULL, NULL),
(206, '2022', 323, 'INTERNA', 2, 'APOYO A LAS ACTIVIDADES Y GESTIÓN DE LA UNIDAD DE AUDITORIA INTERNA', 'DC/CI-090/2022', '323', '2022-07-07', 'FJS. 1', 1, 'SCEP-INT-323/2022', 19, 3, '1111-11-11', ' ', NULL, NULL, NULL),
(207, '2022', 324, 'INTERNA', 2, 'REM. NOTA G.GRAL. EXT.282/22 SOLICITA INFORMACIÓN COMPLEMENTARIA DEL INFORME PRELIMINAR N° IRC-001/09 E INFORME COMPLEMENTARIO N° IRCC-002/2009', 'Administración Autónoma para Obras Sanitarias AAPOS– Potosí (GDP-CI-110/2022)', '16341', '2022-07-07', 'FJS. 1', 2, 'SCEP-INT-324/2022', 18, 3, '1111-11-11', ' ', NULL, NULL, NULL),
(208, '2022', 767, 'EXTERNA', 2, 'REMITE MATRICES DE AUDITORIA DE CUMPLIMIENTO SAFI UNION', 'GESTORA PÚBLICA DE LA SEGURIDAD SOCIAL DE LARGO PLAZO', '16287', '2022-07-07', 'FJS. 1; CD. 1', 2, 'SCEP-EXT-767/2022', 3, 3, '1111-11-11', ' ', NULL, NULL, NULL),
(209, '2022', 768, 'EXTERNA', 2, 'REMITE INFORME DE AUDITORIA INTERNA N° 006/2022', 'EMPRESA PÚBLICA \"EDITORIAL DEL ESTADO PLURINACIONAL DE BOLIVIA\"', '16324', '2022-07-07', 'FJS. 53 (1 ANILLADO)', 2, 'SCEP-EXT-768/2022', 4, 3, '1111-11-11', ' ', NULL, NULL, NULL),
(210, '2022', 769, 'EXTERNA', 2, 'REMITE INFORMACIÓN EN ATENCIÓN A NOTA NRO. CGE/SCEP-461-4/2022', 'CORPORACIÓN MINERA DE BOLIVIA - COMIBOL', '16424', '2022-07-07', 'FJS. 2; CD. 1', 2, 'SCEP-EXT-769/2022', 19, 3, '1111-11-11', ' ', NULL, NULL, NULL),
(211, '2022', 770, 'EXTERNA', 2, 'REMITE FORMATO II DEL INFORME NRO. ABE-AI V 02/2022', 'AGENCIA BOLIVIANA ESPACIAL - ABE', '16416', '2022-07-07', 'FJS. 9', 2, 'SCEP-EXT-770/2022', 23, 3, '1111-11-11', ' ', NULL, NULL, NULL),
(212, '2022', 771, 'EXTERNA', 2, 'REMITE DOCUMENTACIÓN EN ATENCIÓN A NOTA NRO. CGE/SCEP-451/2022', 'BOLIVIANA DE AVIACIÓN - BOA', '16450', '2022-07-07', 'FJS.10', 2, 'SCEP-EXT-771/2022', 19, 3, '1111-11-11', ' ', NULL, NULL, NULL),
(213, '2022', 772, 'EXTERNA', 2, 'REMITE DECLARACIÓN DE PROPÓSITO', 'EMPRESA BOLIVIANA DE ALIMENTOS Y DERIVADOS - EBA', '16495', '2022-07-07', 'FJS. 4', 2, 'SCEP-EXT-772/2022', 19, 3, '1111-11-11', ' ', NULL, NULL, NULL),
(214, '2022', 773, 'EXTERNA', 2, 'REMISIÓN INSTRUMENTOS NORMATIVOS EN ATENCIÓN A CGE/SCEP-0480-5/2022', 'SERVICIO DE DESARROLLO DE LAS EMPRESAS PÚBLICAS PRODUCTIVAS - SEDEM', '	16492', '2022-07-07', 'FJS. 80', 2, 'SCEP-EXT-773/2022', 19, 3, '1111-11-11', ' ', NULL, NULL, NULL),
(215, '2022', 774, 'EXTERNA', 2, 'REMITE FORMULARIO F-3803 DECLARACIÓN ANUAL DE INDEPENDENCIA DEL AUD. GUB.', 'EMPRESA BOLIVIANA DE ALIMENTOS Y DERIVADOS - EBA', '16497', '2022-07-07', 'FJS. 7', 2, 'SCEP-EXT-774/2022', 19, 3, '1111-11-11', ' ', NULL, NULL, NULL),
(216, '2022', 775, 'EXTERNA', 2, 'REMITE FORMULARIOS 3803 DE DECLARACIÓN DE PROPOSITO AUD. Y RESP. DEL AUD. GUB.', 'EMPRESA ESTRATÉGICA BOLIVIANA DE CONSTRUCCIÓN Y CONSERVACIÓN DE INFRAESTRUCTURA CIVIL - EBC', '16454', '2022-07-07', 'FJS. 8', 2, 'SCEP-EXT-775/2022', 19, 3, '1111-11-11', ' ', NULL, NULL, NULL),
(217, '2022', 776, 'EXTERNA', 2, 'REMITE DOCUMENTACIÓN EN ATENCIÓN A NOTA NRO. CGE/SCEP-480-29/2022', 'ADMINISTRACIÓN AUTÓNOMA PARA OBRAS SANITARIAS - POTOSÍ', '16523', '2022-07-07', 'FJS. 1; ANILLADO 3', 2, 'SCEP-EXT-776/2022', 19, 3, '1111-11-11', ' ', NULL, NULL, NULL),
(218, '2022', 777, 'EXTERNA', 2, 'REMITE CERTIFICACIÓN EN ATENCIÓN A NOTA NRO. CGE/SCEP-456/2022', 'UNIVERSIDAD AUTÓNOMA JUAN MISAEL SARACHO', '16521', '2022-07-07', 'FJS. 3', 2, 'SCEP-EXT-777/2022', 19, 3, '1111-11-11', ' ', NULL, NULL, NULL),
(219, '2022', 778, 'EXTERNA', 2, 'RESPUESTA EN ATENCIÓN A NOTA NRO. CGE/SCEP-457/2022', 'UNIVERSIDAD CATÓLICA BOLIVIANA - TARIJA', '16569', '2022-07-08', 'FJS.', 2, 'SCEP-EXT-778/2022', 19, 3, '1111-11-11', ' ', NULL, NULL, NULL),
(220, '2022', 779, 'EXTERNA', 2, 'REMITE INFORME DAI/INF/N°014/2022', 'TRANSPORTES AÉREOS BOLIVIANOS - TAB', '16592', '2022-07-08', 'FJS. 11', 2, 'SCEP-EXT-779/2022', 22, 3, '1111-11-11', ' ', NULL, NULL, NULL),
(221, '2022', 325, 'INTERNA', 2, 'CONVOCATORIA REUNIÓN PARA GENERACIÓN DE METODOLOGÍA POA REFORMULADO 2022 Y POA BASE 2023', 'SCG/CI-207/2022', '325', '2022-07-07', 'FJS. 1', 1, 'SCEP-INT-325/2022', 19, 3, '1111-11-11', ' ', NULL, NULL, NULL),
(222, '2022', 326, 'INTERNA', 2, 'CIERRE DE AUDITORIA EN EL SISTEMA CONAUD GESTIÓN 2021', 'SCG/CI-202/2022', '326', '2022-07-07', 'FJS. 138', 2, 'SCEP-INT-326/2022', 19, 3, '1111-11-11', ' ', NULL, NULL, NULL),
(223, '2022', 327, 'INTERNA', 2, 'REMITE NOTA DE SEMAPA CITE SEM.GG.CAR.N°1059/2022 - REGISTRO DE CONTRATOS POR EXCEPCIÓN', 'Servicio Municipal de Agua Potable y Alcantarillado - SEMAPA (GDC/CI-1107/2022)', '16536', '2022-07-07', 'FJS. 27; CD. 1', 2, 'SCEP-INT-327/2022', 19, 3, '1111-11-11', ' ', NULL, NULL, NULL),
(224, '2022', 780, 'EXTERNA', 3, 'REMITE INFORME Y PAPELES DE TRABAJO DE LA AUD. DE CONFIABILIDAD - GESTIÓN 2021', 'EMPRESA TARIJEÑA DEL GAS - EMTAGAS', '16623', '2022-07-08', 'FJS. 1; ARCHIVADORES 23', 2, 'SCEP-EXT-780/2022', 1, 3, '1111-11-11', ' ', NULL, NULL, NULL);

-- --------------------------------------------------------

--
-- Estructura de tabla para la tabla `departamento`
--

CREATE TABLE `departamento` (
  `iddepartamento` int(11) NOT NULL,
  `departamento` varchar(45) NOT NULL,
  `sigla` varchar(45) NOT NULL
) ENGINE=InnoDB DEFAULT CHARSET=utf8;

--
-- Volcado de datos para la tabla `departamento`
--

INSERT INTO `departamento` (`iddepartamento`, `departamento`, `sigla`) VALUES
(1, 'CHUQUISACA', 'CH'),
(2, 'LA PAZ', 'LP'),
(3, 'ORURO', 'OR'),
(4, 'POTOSI', 'PT'),
(5, 'COCHABAMBA', 'CBBA'),
(6, 'TARIJA', 'TA'),
(7, 'PANDO', 'PN'),
(8, 'BENI', 'BN'),
(9, 'SANTA CRUZ', 'SC');

-- --------------------------------------------------------

--
-- Estructura de tabla para la tabla `deriva_corres`
--

CREATE TABLE `deriva_corres` (
  `idderiva_corres` int(11) NOT NULL,
  `idcorres` int(11) NOT NULL,
  `idusuarioo` int(11) NOT NULL,
  `idusuariod` int(11) NOT NULL,
  `idinstruccion` int(11) DEFAULT NULL,
  `comentario` text,
  `fecha_deriva` date DEFAULT NULL,
  `fecha_recibe` date DEFAULT NULL,
  `derivada` varchar(45) DEFAULT NULL,
  `recibida` varchar(45) DEFAULT NULL,
  `hora_recibe` varchar(35) DEFAULT NULL
) ENGINE=MyISAM DEFAULT CHARSET=utf8;

--
-- Volcado de datos para la tabla `deriva_corres`
--

INSERT INTO `deriva_corres` (`idderiva_corres`, `idcorres`, `idusuarioo`, `idusuariod`, `idinstruccion`, `comentario`, `fecha_deriva`, `fecha_recibe`, `derivada`, `recibida`, `hora_recibe`) VALUES
(1, 3, 15, 2, 9, '', '2022-05-30', '2022-05-30', 'NO', 'SI', '10:03'),
(2, 7, 15, 2, 9, '', '2022-05-30', '2022-05-30', 'NO', 'SI', '10:06'),
(3, 6, 15, 2, 9, '', '2022-05-30', '2022-05-30', 'NO', 'SI', '10:06'),
(4, 5, 15, 2, 9, '', '2022-05-30', '2022-05-30', 'NO', 'SI', '10:06'),
(5, 4, 15, 2, 9, '', '2022-05-30', '2022-05-30', 'NO', 'SI', '10:04'),
(6, 8, 15, 2, 9, '', '2022-05-30', '2022-05-30', 'NO', 'SI', '10:12'),
(7, 9, 2, 6, 9, '', '2022-06-03', '2022-06-08', 'NO', 'SI', '11:46'),
(8, 10, 2, 13, 9, '', '2022-06-03', '2022-06-23', 'SI', 'SI', '14:16'),
(9, 11, 2, 11, 9, '', '2022-06-03', '2022-06-08', 'SI', 'SI', '12:02'),
(10, 13, 2, 8, 7, '', '2022-06-03', '2022-06-08', 'NO', 'SI', '11:56'),
(11, 14, 2, 9, 7, '', '2022-06-03', '2022-06-08', 'NO', 'NO', '12:09'),
(12, 15, 2, 6, 9, '', '2022-06-03', '2022-06-20', 'NO', 'SI', '15:35'),
(13, 16, 2, 7, 9, '', '2022-06-03', '1111-11-11', 'SI', 'NO', NULL),
(14, 17, 2, 7, 7, '', '2022-06-03', '1111-11-11', 'SI', 'NO', NULL),
(15, 18, 2, 9, 7, '', '2022-06-03', '2022-06-24', 'NO', 'SI', '13:15'),
(16, 19, 2, 9, 7, '', '2022-06-03', '2022-06-24', 'NO', 'SI', '13:16'),
(17, 21, 2, 1, 9, '', '2022-06-03', '2022-06-03', 'NO', 'SI', '18:34'),
(18, 22, 2, 7, 7, '', '2022-06-03', '2022-06-08', 'NO', 'SI', '12:11'),
(19, 23, 2, 11, 7, '', '2022-06-03', '2022-06-08', 'SI', 'SI', '12:07'),
(20, 11, 11, 2, 9, 'corresponde su archivo, debido a que la información está en papeles de trabajo de la auditoría financiera a la EMDELL', '2022-06-08', '1111-11-11', 'SI', 'NO', NULL),
(21, 23, 11, 10, 9, 'Por instrucción de la Lic Sonia Velasquez, corresponde la atencion de la hoja de ruta ', '2022-06-08', '2022-06-20', 'SI', 'SI', '14:32'),
(22, 27, 2, 13, 7, '', '2022-06-10', '2022-06-23', 'SI', 'SI', '14:29'),
(23, 28, 2, 6, 7, '', '2022-06-10', '2022-06-20', 'SI', 'SI', '15:25'),
(24, 29, 2, 8, 7, '', '2022-06-10', '1111-11-11', 'SI', 'NO', NULL),
(25, 31, 2, 13, 9, '', '2022-06-10', '2022-06-23', 'SI', 'SI', '14:22'),
(26, 32, 2, 10, 9, '', '2022-06-10', '2022-06-23', 'SI', 'SI', '08:48'),
(27, 33, 2, 7, 7, '', '2022-06-10', '1111-11-11', 'SI', 'NO', NULL),
(28, 34, 2, 6, 7, '', '2022-06-10', '2022-06-20', 'SI', 'SI', '15:28'),
(29, 35, 2, 9, 9, '', '2022-06-10', '2022-06-23', 'SI', 'SI', '14:16'),
(30, 37, 2, 9, 9, '', '2022-06-10', '2022-06-24', 'NO', 'SI', '13:14'),
(31, 38, 2, 7, 7, '', '2022-06-10', '1111-11-11', 'SI', 'NO', NULL),
(32, 39, 2, 7, 9, '', '2022-06-10', '1111-11-11', 'SI', 'NO', NULL),
(33, 40, 2, 13, 7, '', '2022-06-10', '2022-06-23', 'SI', 'SI', '14:17'),
(34, 41, 2, 10, 9, '', '2022-06-10', '2022-06-20', 'NO', 'SI', '14:37'),
(35, 42, 2, 6, 7, '', '2022-06-10', '2022-06-20', 'SI', 'SI', '15:19'),
(36, 43, 2, 6, 9, '', '2022-06-10', '2022-06-20', 'NO', 'SI', '15:27'),
(37, 44, 2, 10, 11, '', '2022-06-10', '2022-06-20', 'NO', 'SI', '14:42'),
(38, 45, 2, 7, 9, '', '2022-06-10', '1111-11-11', 'SI', 'NO', NULL),
(39, 46, 2, 7, 9, '', '2022-06-10', '1111-11-11', 'SI', 'NO', NULL),
(40, 47, 2, 7, 9, '', '2022-06-10', '1111-11-11', 'SI', 'NO', NULL),
(41, 73, 2, 4, 11, '', '2022-06-17', '2022-07-08', 'NO', 'SI', '17:09'),
(42, 71, 2, 4, 9, '', '2022-06-17', '2022-07-08', 'SI', 'SI', '16:30'),
(43, 70, 2, 7, 9, '', '2022-06-17', '1111-11-11', 'SI', 'NO', NULL),
(44, 69, 2, 10, 7, '', '2022-06-17', '2022-06-20', 'SI', 'SI', '14:26'),
(45, 68, 2, 6, 9, '', '2022-06-17', '2022-06-20', 'NO', 'SI', '15:24'),
(46, 67, 2, 4, 11, '', '2022-06-17', '2022-07-08', 'NO', 'SI', '17:09'),
(47, 66, 2, 9, 7, '', '2022-06-17', '2022-06-24', 'NO', 'SI', '13:13'),
(48, 65, 2, 8, 7, '', '2022-06-17', '1111-11-11', 'SI', 'NO', NULL),
(49, 64, 2, 7, 9, '', '2022-06-17', '1111-11-11', 'SI', 'NO', NULL),
(50, 62, 2, 9, 9, '', '2022-06-17', '2022-06-24', 'NO', 'SI', '13:15'),
(51, 61, 2, 9, 9, '', '2022-06-17', '2022-06-23', 'SI', 'SI', '14:17'),
(52, 60, 2, 4, 9, '', '2022-06-17', '2022-07-08', 'NO', 'SI', '17:09'),
(53, 59, 2, 4, 9, '', '2022-06-17', '2022-07-08', 'NO', 'SI', '17:05'),
(54, 58, 2, 11, 7, '', '2022-06-17', '1111-11-11', 'SI', 'NO', NULL),
(55, 57, 2, 7, 7, '', '2022-06-17', '1111-11-11', 'SI', 'NO', NULL),
(56, 56, 2, 1, 9, '', '2022-06-17', '1111-11-11', 'SI', 'NO', NULL),
(57, 55, 2, 10, 7, '', '2022-06-17', '2022-06-20', 'SI', 'SI', '14:41'),
(58, 54, 2, 13, 7, '', '2022-06-17', '2022-06-23', 'SI', 'SI', '14:30'),
(59, 53, 2, 9, 7, '', '2022-06-17', '2022-06-23', 'SI', 'SI', '14:25'),
(60, 52, 2, 6, 9, '', '2022-06-17', '2022-06-20', 'NO', 'SI', '15:28'),
(61, 48, 2, 8, 9, '', '2022-06-17', '1111-11-11', 'SI', 'NO', NULL),
(62, 50, 2, 13, 7, '', '2022-06-17', '2022-06-23', 'SI', 'SI', '14:13'),
(63, 49, 2, 3, 2, '', '2022-06-17', '1111-11-11', 'SI', 'NO', NULL),
(64, 77, 2, 3, 9, '', '2022-06-17', '1111-11-11', 'SI', 'NO', NULL),
(65, 78, 2, 13, 7, 'INSTRUCCIÓN 2/7', '2022-06-17', '2022-06-23', 'SI', 'SI', '14:19'),
(66, 79, 2, 13, 7, 'INSTRUCCIÓN 2/7', '2022-06-17', '2022-06-23', 'SI', 'SI', '14:21'),
(67, 81, 2, 3, 2, '', '2022-06-17', '1111-11-11', 'SI', 'NO', NULL),
(68, 82, 2, 13, 9, '', '2022-06-17', '2022-06-23', 'SI', 'SI', '14:27'),
(69, 83, 2, 13, 9, '', '2022-06-17', '2022-06-23', 'SI', 'SI', '14:28'),
(70, 84, 2, 3, 7, 'EN EL DIA', '2022-06-17', '1111-11-11', 'SI', 'NO', NULL),
(71, 91, 2, 13, 9, '', '2022-06-17', '2022-06-23', 'SI', 'SI', '14:15'),
(72, 92, 2, 3, 9, '', '2022-06-17', '1111-11-11', 'SI', 'NO', NULL),
(73, 96, 2, 7, 9, '', '2022-06-17', '1111-11-11', 'SI', 'NO', NULL),
(74, 97, 2, 3, 9, '', '2022-06-17', '1111-11-11', 'SI', 'NO', NULL),
(75, 98, 2, 4, 9, '', '2022-06-17', '1111-11-11', 'SI', 'NO', NULL),
(76, 99, 2, 7, 9, '', '2022-06-17', '1111-11-11', 'SI', 'NO', NULL),
(77, 100, 2, 3, 7, '', '2022-06-17', '1111-11-11', 'SI', 'NO', NULL),
(78, 74, 2, 15, 6, 'SU ATENCION', '2022-06-17', '2022-06-17', 'NO', 'NO', '16:41'),
(79, 101, 2, 9, 7, 'EN EL DÍA', '2022-06-20', '2022-06-23', 'SI', 'SI', '14:26'),
(80, 102, 2, 4, 7, 'EN EL DÍA', '2022-06-20', '2022-06-23', 'SI', 'SI', '09:07'),
(81, 105, 2, 6, 9, '', '2022-06-20', '2022-06-20', 'NO', 'SI', '15:24'),
(82, 104, 2, 13, 9, '', '2022-06-20', '2022-06-23', 'SI', 'SI', '13:18'),
(83, 103, 2, 10, 9, '', '2022-06-20', '2022-06-20', 'NO', 'SI', '14:34'),
(84, 23, 10, 11, 9, 'Su atención.', '2022-06-20', '1111-11-11', 'SI', 'NO', NULL),
(85, 108, 2, 14, 7, '', '2022-06-20', '2022-06-20', 'SI', 'SI', '15:12'),
(86, 42, 6, 3, 2, 'Adjunto para revisión remito Informe CGE/SCEP/INF-063/2022, y nota de solicitud de documentación e información adicional a la COMIBOL, y nota de respuesta la denunciante', '2022-06-20', '1111-11-11', 'SI', 'NO', NULL),
(87, 28, 6, 2, 1, 'Se emitió Informe Informe CGE/SCEP/INF-064/2022, y nota de respuesta ', '2022-06-20', '1111-11-11', 'SI', 'NO', NULL),
(88, 34, 6, 2, 9, 'Se emitió Comunicación Interna y nota dirigida al Presidente de la COMIBOL ', '2022-06-20', '1111-11-11', 'SI', 'NO', NULL),
(89, 0, 0, 11, 9, 'Se elaboró respuesta para su conocimiento y consideración', '2022-06-20', '1111-11-11', 'SI', 'NO', NULL),
(90, 108, 14, 11, 9, 'Se elaboró nota de respuesta para su consideración', '2022-06-20', '1111-11-11', 'SI', 'NO', NULL),
(91, 109, 2, 8, 9, '', '2022-06-22', '1111-11-11', 'SI', 'NO', NULL),
(92, 110, 2, 13, 9, '', '2022-06-22', '2022-06-23', 'SI', 'SI', '14:28'),
(93, 111, 2, 6, 9, '', '2022-06-22', '2022-06-23', 'NO', 'SI', '11:53'),
(94, 112, 2, 9, 9, '', '2022-06-22', '2022-06-23', 'SI', 'SI', '14:26'),
(95, 113, 2, 9, 9, '', '2022-06-22', '2022-06-23', 'SI', 'SI', '14:18'),
(96, 32, 10, 14, 9, 'Se coordinó para su atención de las HR de la empresa EBA.', '2022-06-23', '2022-06-23', 'NO', 'SI', '08:52'),
(97, 102, 4, 2, 9, 'Oficio CGE/SCEP-477/2022 para su aprobación y envío a la empresa', '2022-06-23', '2022-06-23', 'SI', 'SI', '09:26'),
(98, 102, 2, 15, 6, 'SU ATENCIÓN.', '2022-06-23', '2022-06-23', 'NO', 'NO', '09:30'),
(99, 114, 2, 6, 7, '', '2022-06-23', '2022-06-23', 'NO', 'SI', '11:53'),
(100, 115, 2, 4, 9, '', '2022-06-23', '2022-07-04', 'SI', 'SI', '18:26'),
(101, 117, 2, 4, 9, '', '2022-06-23', '2022-07-08', 'SI', 'SI', '16:29'),
(102, 104, 13, 2, 9, 'SE PROCEDIO EL REGISTRO EN LA BASE DE DATOS', '2022-06-23', '2022-06-23', 'SI', 'SI', '13:57'),
(103, 91, 13, 2, 6, 'SE REGISTRO EN NUESTRO CONTROL INTERNO\r\n', '2022-06-23', '2022-06-24', 'NO', 'NO', '18:09'),
(104, 35, 9, 2, 6, 'ANTECEDENTES EN PAPELES DE TRABAJO', '2022-06-23', '2022-06-23', 'SI', 'SI', '14:24'),
(105, 61, 9, 2, 6, 'ANTECEDENTES EN PAPELES DE TRABAJO', '2022-06-23', '2022-06-23', 'SI', 'SI', '14:25'),
(106, 113, 9, 2, 6, 'ANTECEDENTES EN PAPELES DE TRABAJO', '2022-06-23', '2022-06-23', 'SI', 'SI', '14:25'),
(107, 78, 13, 2, 9, 'SE RESPONDIO CON COMUNICACIÓN INTERNA ', '2022-06-23', '1111-11-11', 'SI', 'NO', NULL),
(108, 79, 13, 2, 9, 'SE RESPONDIO CON COMUNICACIÓN INTERNA ', '2022-06-23', '1111-11-11', 'SI', 'NO', NULL),
(109, 31, 13, 2, 9, 'SE RESGISTRO EN LA BASE DE DATOS ', '2022-06-23', '1111-11-11', 'SI', 'NO', NULL),
(110, 53, 9, 2, 9, 'ADJUNTO NOTA BORRADOR PARA SU APROBACIÓN', '2022-06-23', '1111-11-11', 'SI', 'NO', NULL),
(111, 101, 9, 2, 9, 'ADJUNTO NOTA BORRADOR PARA SU APROBACIÓN', '2022-06-23', '1111-11-11', 'SI', 'NO', NULL),
(112, 82, 13, 2, 9, 'SE REGISTRO EN LA BASE DATOS ', '2022-06-23', '1111-11-11', 'SI', 'NO', NULL),
(113, 35, 2, 15, 6, 'SU ATENCIÓN.', '2022-06-23', '2022-06-23', 'NO', 'NO', '16:47'),
(114, 83, 13, 2, 9, 'SE REGISTRO EN LA BASE DE DATOS', '2022-06-23', '1111-11-11', 'SI', 'NO', NULL),
(115, 61, 2, 15, 6, '.', '2022-06-23', '2022-06-23', 'NO', 'NO', '16:47'),
(116, 113, 2, 15, 6, '.', '2022-06-23', '2022-06-23', 'NO', 'NO', '16:47'),
(117, 110, 13, 2, 9, 'SE REGISTRO EN LA BASE DE DATOS ', '2022-06-23', '2022-06-23', 'SI', 'SI', '14:38'),
(118, 27, 13, 2, 9, 'SE PREPARO RESPUESTA', '2022-06-23', '1111-11-11', 'SI', 'NO', NULL),
(119, 54, 13, 2, 9, 'SE PREPARO RESPUESTA', '2022-06-23', '2022-07-11', 'SI', 'SI', '09:09'),
(120, 10, 13, 2, 9, 'SE PREPARO RESPUESTA', '2022-06-23', '1111-11-11', 'SI', 'NO', NULL),
(121, 50, 13, 2, 9, 'SE PREPARO RESPUESTA', '2022-06-23', '1111-11-11', 'SI', 'NO', NULL),
(122, 40, 13, 2, 9, 'SE PREPARO RESPUESTA', '2022-06-23', '1111-11-11', 'SI', 'NO', NULL),
(123, 110, 2, 15, 6, '.', '2022-06-23', '2022-06-23', 'NO', 'NO', '16:47'),
(124, 121, 2, 10, 7, '', '2022-06-24', '2022-06-27', 'NO', 'SI', '09:38'),
(125, 120, 2, 11, 7, '', '2022-06-24', '1111-11-11', 'SI', 'NO', NULL),
(126, 119, 2, 8, 9, '', '2022-06-24', '1111-11-11', 'SI', 'NO', NULL),
(127, 104, 2, 10, 9, '.', '2022-06-24', '2022-06-27', 'SI', 'SI', '09:37'),
(128, 125, 2, 3, 7, '', '2022-06-24', '1111-11-11', 'SI', 'NO', NULL),
(129, 69, 10, 2, 9, 'SU ATENCION.', '2022-06-27', '2022-06-27', 'NO', 'SI', '09:37'),
(130, 127, 2, 4, 7, '', '2022-06-27', '2022-07-08', 'NO', 'SI', '14:13'),
(131, 128, 2, 13, 9, '', '2022-06-27', '2022-06-27', 'SI', 'SI', '12:37'),
(132, 129, 2, 13, 9, '', '2022-06-27', '2022-06-27', 'SI', 'SI', '12:38'),
(133, 55, 10, 2, 9, 'ADJUNTO NOTA DE RESPUESTA PARA SU CONSIDERACION.', '2022-06-27', '2022-06-27', 'NO', 'SI', '09:56'),
(134, 128, 13, 2, 9, 'SE REGISTRO EN LA BASE DE DATOS', '2022-06-27', '2022-06-27', 'NO', 'SI', '14:47'),
(135, 129, 13, 2, 9, 'SE REGISTRO EN LA BASE DE DATOS ', '2022-06-27', '2022-06-27', 'NO', 'SI', '14:46'),
(136, 133, 2, 4, 7, '', '2022-06-28', '2022-07-04', 'SI', 'SI', '18:23'),
(137, 132, 2, 13, 7, '', '2022-06-28', '2022-06-29', 'SI', 'SI', '11:55'),
(138, 130, 2, 8, 9, '', '2022-06-28', '1111-11-11', 'SI', 'NO', NULL),
(139, 137, 2, 14, 9, '', '2022-06-29', '1111-11-11', 'SI', 'NO', NULL),
(140, 135, 2, 13, 9, '', '2022-06-29', '2022-06-29', 'SI', 'SI', '11:56'),
(141, 134, 2, 14, 9, '', '2022-06-29', '2022-07-01', 'NO', 'SI', '09:04'),
(142, 132, 13, 2, 9, 'SE RESPONDIO LA HR CON INFORME CGE/SCEP/INF-068/2022', '2022-06-29', '1111-11-11', 'SI', 'NO', NULL),
(143, 135, 13, 2, 9, 'LA INFORMACIÓIN FUE REGISTRADA EN LA BASE DE DATOS ', '2022-06-29', '2022-07-05', 'NO', 'SI', '11:08'),
(144, 138, 2, 4, 9, '', '2022-06-29', '2022-07-08', 'NO', 'SI', '17:15'),
(145, 133, 4, 2, 1, 'Oficio CGE/SCEP-485/2022 de 28/06/2022 para su consideración.', '2022-07-04', '1111-11-11', 'SI', 'NO', NULL),
(146, 115, 4, 2, 1, 'Oficio CGE/SCEP-486/2022 de 28.06.2022 para su consideración', '2022-07-04', '1111-11-11', 'SI', 'NO', NULL),
(147, 178, 2, 3, 2, '', '2022-07-05', '1111-11-11', 'SI', 'NO', NULL),
(148, 182, 2, 3, 9, '', '2022-07-05', '2022-07-05', 'SI', 'SI', '10:20'),
(149, 182, 3, 13, 9, 'FAVOR VERIFICAR CON LOS PRODUCTOS EMITIDOS REGISTRADOS EN CONAUD, SIPEO Y CIRCULARES.', '2022-07-05', '1111-11-11', 'SI', 'NO', NULL),
(150, 154, 2, 14, 7, '', '2022-07-05', '1111-11-11', 'SI', 'NO', NULL),
(151, 151, 2, 4, 9, '', '2022-07-05', '2022-07-05', 'NO', 'SI', '15:07'),
(152, 150, 2, 4, 9, '', '2022-07-05', '2022-07-05', 'NO', 'SI', '15:06'),
(153, 143, 2, 11, 9, '', '2022-07-05', '2022-07-05', 'NO', 'SI', '10:58'),
(154, 144, 2, 11, 9, '', '2022-07-05', '2022-07-05', 'NO', 'SI', '10:58'),
(155, 147, 2, 13, 9, '', '2022-07-05', '1111-11-11', 'SI', 'NO', NULL),
(156, 153, 2, 9, 9, '', '2022-07-05', '2022-07-05', 'NO', 'SI', '11:14'),
(157, 167, 2, 7, 9, '', '2022-07-05', '2022-07-05', 'NO', 'SI', '15:09'),
(158, 159, 2, 10, 9, '', '2022-07-05', '2022-07-05', 'NO', 'SI', '11:15'),
(159, 158, 2, 10, 7, '', '2022-07-05', '2022-07-05', 'NO', 'SI', '11:14'),
(160, 152, 2, 11, 9, '', '2022-07-05', '2022-07-05', 'NO', 'SI', '11:16'),
(161, 185, 2, 9, 7, '', '2022-07-05', '2022-07-05', 'NO', 'SI', '11:39'),
(162, 175, 2, 9, 9, '', '2022-07-05', '2022-07-05', 'NO', 'SI', '11:40'),
(163, 173, 2, 9, 9, '', '2022-07-05', '2022-07-05', 'NO', 'SI', '11:40'),
(164, 179, 2, 9, 9, '', '2022-07-05', '2022-07-05', 'SI', 'SI', '11:40'),
(165, 172, 2, 9, 7, '', '2022-07-05', '2022-07-05', 'SI', 'SI', '11:41'),
(166, 176, 2, 10, 9, '', '2022-07-05', '2022-07-05', 'NO', 'SI', '14:05'),
(167, 184, 2, 10, 11, '', '2022-07-05', '2022-07-05', 'NO', 'SI', '14:05'),
(168, 186, 2, 13, 9, '', '2022-07-05', '2022-07-05', 'NO', 'SI', '15:30'),
(169, 180, 2, 8, 9, '', '2022-07-05', '2022-07-07', 'NO', 'SI', '09:02'),
(170, 169, 2, 6, 9, '', '2022-07-05', '1111-11-11', 'SI', 'NO', NULL),
(171, 183, 2, 4, 9, '', '2022-07-05', '2022-07-05', 'NO', 'SI', '15:03'),
(172, 141, 2, 13, 9, '', '2022-07-05', '2022-07-05', 'SI', 'SI', '15:28'),
(173, 170, 2, 7, 9, '', '2022-07-05', '2022-07-05', 'NO', 'SI', '15:09'),
(174, 181, 2, 8, 7, '', '2022-07-05', '2022-07-05', 'NO', 'SI', '14:59'),
(175, 160, 2, 8, 9, '', '2022-07-05', '2022-07-05', 'NO', 'SI', '15:50'),
(176, 141, 13, 7, 9, 'SE TOMO CONOCIMIENTO ', '2022-07-05', '2022-07-11', 'SI', 'SI', '09:08'),
(177, 189, 2, 6, 9, '', '2022-07-05', '1111-11-11', 'SI', 'NO', NULL),
(178, 188, 2, 13, 9, '', '2022-07-05', '2022-07-11', 'SI', 'SI', '10:49'),
(179, 168, 2, 4, 7, '', '2022-07-05', '2022-07-08', 'NO', 'SI', '14:14'),
(180, 177, 2, 13, 9, '', '2022-07-05', '1111-11-11', 'SI', 'NO', NULL),
(181, 202, 2, 10, 7, '', '2022-07-06', '2022-07-06', 'NO', 'SI', '15:30'),
(182, 195, 2, 10, 9, '', '2022-07-06', '2022-07-06', 'NO', 'SI', '15:30'),
(183, 201, 2, 8, 9, '', '2022-07-06', '2022-07-06', 'NO', 'SI', '15:10'),
(184, 200, 2, 14, 9, '', '2022-07-06', '1111-11-11', 'SI', 'NO', NULL),
(185, 199, 2, 14, 9, '', '2022-07-06', '1111-11-11', 'SI', 'NO', NULL),
(186, 203, 2, 7, 9, '', '2022-07-06', '2022-07-06', 'NO', 'SI', '15:11'),
(187, 198, 2, 11, 9, '', '2022-07-06', '2022-07-06', 'NO', 'SI', '15:52'),
(188, 196, 2, 10, 9, '', '2022-07-06', '2022-07-06', 'NO', 'SI', '15:29'),
(189, 192, 2, 18, 9, '', '2022-07-06', '1111-11-11', 'SI', 'NO', NULL),
(190, 197, 2, 7, 7, '', '2022-07-06', '2022-07-06', 'SI', 'SI', '15:30'),
(191, 207, 2, 8, 7, 'ANALIZAR Y PREPARAR RESPUESTA', '2022-07-07', '2022-07-07', 'NO', 'SI', '15:32'),
(192, 208, 2, 4, 7, 'REVISAR Y PREPARAR RESPUESTA', '2022-07-07', '2022-07-08', 'NO', 'SI', '14:12'),
(193, 209, 2, 8, 2, '', '2022-07-07', '2022-07-07', 'NO', 'SI', '15:33'),
(194, 210, 2, 13, 9, '', '2022-07-08', '1111-11-11', 'SI', 'NO', NULL),
(195, 211, 2, 10, 9, '', '2022-07-08', '2022-07-08', 'NO', 'SI', '09:30'),
(196, 212, 2, 10, 7, 'REVISAR Y PREPARAR RESPUESTA', '2022-07-08', '2022-07-08', 'NO', 'SI', '09:30'),
(197, 172, 9, 2, 9, 'ADJUNTO NOTA BORRADOR PARA SU APROBACION', '2022-07-08', '1111-11-11', 'SI', 'NO', NULL),
(198, 220, 2, 4, 7, 'Revisar y preparar respuesta', '2022-07-08', '2022-07-08', 'NO', 'SI', '14:11'),
(199, 179, 9, 2, 9, 'ADJUNTO REMITO NOTA BORRADOR PARA SU APROBACIÓN', '2022-07-08', '1111-11-11', 'SI', 'NO', NULL),
(200, 215, 2, 14, 9, '', '2022-07-08', '1111-11-11', 'SI', 'NO', NULL),
(201, 216, 2, 9, 9, '', '2022-07-08', '2022-07-08', 'SI', 'SI', '13:56'),
(202, 219, 2, 18, 9, '', '2022-07-08', '1111-11-11', 'SI', 'NO', NULL),
(203, 218, 2, 18, 9, '', '2022-07-08', '1111-11-11', 'SI', 'NO', NULL),
(204, 214, 2, 4, 7, 'Revisar y Preparar respuesta', '2022-07-08', '2022-07-08', 'NO', 'SI', '17:15'),
(205, 217, 2, 8, 7, 'Revisar y preparar respuesta', '2022-07-08', '2022-07-08', 'NO', 'SI', '14:51'),
(206, 213, 2, 14, 9, '', '2022-07-08', '1111-11-11', 'SI', 'NO', NULL),
(207, 216, 9, 3, 9, 'SE TOMO CONOCIMIENTO, Y LA MISMA DEBE SER REGISTRADO Y CONTROLOLADO POR NOEMI VELASQUEZ', '2022-07-08', '1111-11-11', 'SI', 'NO', NULL),
(208, 104, 10, 2, 6, 'Se tomó conocimiento de  la información remitida por EMAPAS y como ya fue registrado por la auxiliar de la SCEP se sugiere su archivo. ', '2022-07-08', '1111-11-11', 'SI', 'NO', NULL),
(209, 222, 2, 13, 7, 'REVISAR Y PREPARAR RESPUESTA', '2022-07-08', '1111-11-11', 'SI', 'NO', NULL),
(210, 223, 2, 16, 9, '', '2022-07-08', '1111-11-11', 'SI', 'NO', NULL),
(211, 117, 4, 3, 9, 'SEGUN SU INSTRUCCIÓN REMITO ANTECEDENTES PARA SU REASIGNACION', '2022-07-08', '2022-07-08', 'SI', 'SI', '16:33'),
(212, 71, 4, 3, 9, 'SEGUN SU INSTRUCCIÓN REMITO ANTECEDENTES PARA SU REASIGNACION', '2022-07-08', '2022-07-08', 'NO', 'SI', '16:33'),
(213, 117, 3, 6, 9, 'PROCEDO CONFORME LO CONVERSADO.', '2022-07-08', '1111-11-11', 'SI', 'NO', NULL),
(214, 224, 3, 6, 9, '', '2022-07-08', '1111-11-11', 'SI', 'NO', NULL),
(215, 197, 7, 3, 9, 'Remito nota borrador para su conocimiento', '2022-07-08', '1111-11-11', 'SI', 'NO', NULL),
(216, 141, 7, 3, 9, 'Remito nota borrador para su conocimiento', '2022-07-11', '1111-11-11', 'SI', 'NO', NULL),
(217, 54, 2, 13, 9, 'PARA SU CONOCIMIENTO Y FINES CONSIGUIENTES', '2022-07-11', '1111-11-11', 'SI', 'NO', NULL),
(218, 112, 9, 3, 6, 'ANTECEDENTES EN PAPELES DE TRABAJO, EVALUACION DE CONFIABILIDAD GESTIÓN 2021, SUGIERO SU ARCHIVO', '2022-07-11', '1111-11-11', 'SI', 'NO', NULL),
(219, 188, 13, 19, 9, 'SE REGISTRO EN LA BASE DE DATOS ', '2022-07-11', '1111-11-11', 'SI', 'NO', NULL);

-- --------------------------------------------------------

--
-- Estructura de tabla para la tabla `direccion`
--

CREATE TABLE `direccion` (
  `iddireccion` int(11) NOT NULL,
  `direccion` text NOT NULL,
  `sigla` varchar(45) NOT NULL
) ENGINE=MyISAM DEFAULT CHARSET=utf8;

--
-- Volcado de datos para la tabla `direccion`
--

INSERT INTO `direccion` (`iddireccion`, `direccion`, `sigla`) VALUES
(1, 'CONTRALORIA GENERAL DEL ESTADO', 'CGE'),
(2, 'SUBCONTRALORIA DE SERVICIOS LEGALES', 'SCSL'),
(3, 'SUBCONTRALORÍA DEL NIVEL CENTRAL', 'SCNC'),
(4, 'SUBCONTRALORÍA DE AUDITORÍAS TÉCNICAS', 'SCAT'),
(5, 'SUBCONTRALORÍA DE EMPRESAS PUBLICAS', 'SCEP'),
(6, 'SUBCONTRALORÍA  GENERAL', 'SCG'),
(7, 'SUBCONTRALORÍA DE GOBIERNOS MUNICIPALES Y UNIVERSIDADES', 'SCGMU'),
(8, 'SUBCONTRALORÍA DE GOBIERNOS DEPARTAMENTALES', 'SCGD');

-- --------------------------------------------------------

--
-- Estructura de tabla para la tabla `documento_adj`
--

CREATE TABLE `documento_adj` (
  `iddocumento_adj` int(11) NOT NULL,
  `documento_adj` varchar(40) NOT NULL,
  `descripcion` text NOT NULL
) ENGINE=MyISAM DEFAULT CHARSET=utf8;

--
-- Volcado de datos para la tabla `documento_adj`
--

INSERT INTO `documento_adj` (`iddocumento_adj`, `documento_adj`, `descripcion`) VALUES
(1, 'INF-UAI-CONF', 'INFORME DE AUDITORIA DE CONFIABILIDAD'),
(2, 'OTRO', 'OTRO TIPO DE DOCUMENTO'),
(3, ' ', 'SIN ADJUNTO');

-- --------------------------------------------------------

--
-- Estructura de tabla para la tabla `empresa`
--

CREATE TABLE `empresa` (
  `idempresa` int(11) NOT NULL,
  `cod_presup` varchar(45) DEFAULT NULL,
  `razon_social` text NOT NULL,
  `sigla` varchar(45) DEFAULT NULL,
  `idcaracter` int(11) DEFAULT NULL,
  `rubro` text,
  `vigente` varchar(45) NOT NULL
) ENGINE=InnoDB DEFAULT CHARSET=utf8;

--
-- Volcado de datos para la tabla `empresa`
--

INSERT INTO `empresa` (`idempresa`, `cod_presup`, `razon_social`, `sigla`, `idcaracter`, `rubro`, `vigente`) VALUES
(1, '2320', 'Empresa Pública Municipal de Servicios de Agua Potable y Alcantarillado Sanitario Cobija - EPSA COBIJA', 'EPSA-COBIJA', 2, 'Saneamiento BAsico', 'VIGENTE'),
(2, '2301', 'Empresa Municipal de Gestión de Residuos Sólidos - GERES', 'GERES', 2, 'Saneamiento BAsico', 'VIGENTE'),
(3, '2303', 'Empresa de Áreas Verdes y Recreación Alternativa - EMAVRA', 'EMAVRA', 2, 'Medio Ambiente', 'VIGENTE'),
(4, '2315', 'Empresa Municipal de Servicios de Aseo - EMSA', 'EMSA', 2, 'Saneamiento BAsico', 'VIGENTE'),
(5, '159', 'Oficina Técnica para el Fortalecimiento de la Empresa Pública - OFEP', 'OFEP', 11, '', 'VIGENTE'),
(6, '584', 'Empresa Boliviana de Industrialización de Hidrocarburos - EBIH', 'EBIH', 6, 'Hidrocarburos', 'VIGENTE'),
(7, '2330', 'Servicios Eléctricos Tarija - SETAR', 'SETAR', 2, 'EnergIa', 'VIGENTE'),
(8, '761', 'Servicio Autónomo Municipal de Agua Potable y Alcantarillado - SAMAPA', 'SAMAPA', 2, 'Saneamiento BAsico', 'VIGENTE'),
(9, '821', 'Administración Autónoma para obras Sanitarias AAPOS PotosI', 'AAPOS', 2, 'Saneamiento BAsico', 'VIGENTE'),
(10, '580', 'Depósitos Aduaneros Bolivianos - DAB', 'DAB', 6, 'Comercio y Finanzas', 'VIGENTE'),
(11, '599', 'Empresa Boliviana de Alimentos y Derivados - EBA', 'EBA', 4, 'Productiva', 'VIGENTE'),
(12, '378', 'Servicio Nacional Textil - SENATEX', 'SENATEX', 10, 'Servicios Textiles', 'VIGENTE'),
(13, '591', 'Empresa Estatal de Transporte por Cable MI TELEFERICO', 'MI TELEFERICO', 6, 'Transporte', 'VIGENTE'),
(14, '526', 'Empresa Estatal de Televisión  BOLIVIA TV ', 'BOLIVIA TV', 6, 'Comunicaciones', 'VIGENTE'),
(15, '525', 'Transportes Aereos Bolivianos - TAB', 'TAB', 6, 'Transporte', 'VIGENTE'),
(16, '586', 'Empresa Azucarera San Buenaventura - EASBA', 'EASBA', 6, 'Industria', 'VIGENTE'),
(17, '585', 'Agencia Boliviana Espacial - ABE', 'ABE', 6, 'Comunicaciones', 'VIGENTE'),
(18, '593', 'Empresa Pública YACANA', 'YACANA', 6, 'Industria', 'VIGENTE'),
(19, '594', 'Administración de Servicios Portuarios Bolivia ASP-B', 'ASP-B', 6, 'Comercio y Finanzas', 'VIGENTE'),
(20, '592', 'Empresa Estatal  Boliviana de Turismo  - BOLTUR', 'BOLTUR', 6, 'Turismo', 'VIGENTE'),
(21, '523', 'Empresa de Correos de Bolivia - ECOBOL', 'ECOBOL', 6, 'Comunicaciones', 'VIGENTE'),
(22, '551', 'Empresa Naviera Boliviana - ENABOL', 'EMABOL', 6, 'Transporte', 'VIGENTE'),
(23, '590', 'Empresa Pública QUIPUS', 'QUIPUS', 6, 'Industria - Comunicaciones', 'VIGENTE'),
(24, '596', 'Empresa Pública Transporte AEreo Militar - TAM', 'TAM', 6, 'Transporte', 'VIGENTE'),
(25, '', 'Empresa Productiva Apicola - PROMIEL', 'PROMIEL', 8, 'Industria-Agropecuario', 'VIGENTE'),
(26, '598', 'Editorial del Estado Plurinacional de Bolivia - EEEPB', 'EEEPB', 6, 'Industria GrAfica', 'VIGENTE'),
(27, '2321', 'Empresa Municipal de Aseo de El Alto - EMALT', 'EMALT', 2, 'Saneamiento BAsico', 'NO VIGENTE'),
(28, '587', 'Empresa Estratégica Boliviana de Construccion y Conservacion de Infraestructura Civil - EBC', 'EBC', 6, 'Transporte - Urbanismo - Vivienda', 'VIGENTE'),
(29, '572', 'Empresa de Apoyo a la Producción de Alimentos - EMAPA', 'EMAPA', 7, 'Industria-Agropecuario', 'VIGENTE'),
(30, '831', 'Servicio Local de Acueductos y Alcantarillado SELA - Oruro', 'SELA-ORURO', 2, 'Saneamiento BAsico', 'VIGENTE'),
(31, '2327', 'Empresa Municipal Autónoma de Agua Potable y Alcantarillado de Yacuiba - EMAPYC', 'EMAPYC', 2, 'Saneamiento BAsico', 'NO VIGENTE'),
(32, '522', 'Empresa Nacional de Ferrocarriles Residual - ENFE', 'ENFE', 6, 'Transporte', 'VIGENTE'),
(33, '781', 'Servicio Municipal de Agua Potable y Alcantarillado - SEMAPA', 'SEMAPA', 2, 'Saneamiento BAsico', 'VIGENTE'),
(34, '520', 'Empresa MetalUrgica VINTO - Nacionalizada', 'VINTO', 6, 'Minero', 'VIGENTE'),
(35, '574', 'Empresa Publica Nacional EstratEgica LActeos de Bolivia - LACTEOSBOL', 'LACTEOSBOL', 8, 'Industria', 'NO VIGENTE'),
(36, '597', 'Yacimientos de Litio Bolivianos - YLB', 'YLB', 3, 'Minero', 'VIGENTE'),
(37, '576', 'Empresa Pública Nacional EstratEgica Cartones de Bolivia - CARTONBOL', 'CARTONBOL', 11, 'Industria', 'VIGENTE'),
(38, '595', 'Gestora Pública de la Seguridad Social de Largo Plazo - GESTORA', 'GESTORA', 6, 'Seguridad Social', 'VIGENTE'),
(39, '2316', 'Empresa Municipal de Areas Verdes, Parques y Forestacion - EMAVERDE', 'EMAVERDE', 2, 'Medio Ambiente', 'VIGENTE'),
(40, '579', 'Empresa Publica Nacional EstratEgica Cementos de Bolivia - ECEBOL', 'ECEBOL', 8, 'Industria', 'VIGENTE'),
(41, '716', 'Empresa Tarijeña del Gas - EMTAGAS', 'EMTAGAS', 5, 'Hidrocarburos', 'VIGENTE'),
(42, '634', 'Empresa Publica Departamental Hotel Terminal - Terminal de Buses de oruro - EPDEOR', 'EPDEOR', 1, 'Transporte-Turismo', 'VIGENTE'),
(43, '2317', 'Empresa Municipal de Asfaltos y VIas - EMAVIAS', 'EMAVIAS', 2, 'Transporte', 'VIGENTE'),
(44, '', 'Empresa Estratégica de Produccion de Semillas - EEPS', 'EEPS', 8, 'Industria-Agropecuario', 'VIGENTE'),
(45, '', 'Empresa de Vidrios - ENVIBOL', 'ENVIBOL', 8, 'Industria-Agropecuario', 'VIGENTE'),
(46, '573', 'Empresa SiderUrgica del MUTUN', 'MUTUN', 6, 'Minero', 'VIGENTE'),
(47, '802', 'Empresa Local de Agua Potable y Alcantarillado Sucre - ELAPAS', 'ELAPAS', 2, 'Saneamiento BAsico', 'VIGENTE'),
(48, '2312', 'Empresa Municipal de Agua Potable y Alcantarillado Viacha - EMAPAV', 'EMAPAV', 2, 'Saneamiento BAsico', 'VIGENTE'),
(49, '2314', 'Empresa Municipal de Areas Verdes Sucre - EMAVS', 'EMAVS', 2, 'Medio Ambiente', 'VIGENTE'),
(50, '2319', 'Empresa Publica Departamental Estratégica de Aguas - La Paz - EDALP', 'EDALP', 1, 'Saneamiento BAsico', 'VIGENTE'),
(51, '2328', 'Empresa Municipal de Agua Potable y Alcantarillado Sanitario de Uriondo - EMAPAU', 'EMAPAU', 2, 'Saneamiento BAsico', 'VIGENTE'),
(52, '633', 'Empresa Misicuni', 'MISICUNI', 9, 'Saneamiento BAsico', 'VIGENTE'),
(53, '132', 'Servicio de Desarrollo de las Empresas Públicas Productivas - SEDEM', 'SEDEM', 11, '', 'VIGENTE'),
(54, '575', 'Empresa Pública Nacional Estratégica Papeles de Bolivia - PAPELBOL', 'PAPELBOL', 11, 'Industria', 'VIGENTE'),
(55, '', 'Empresa Estratégica de Producción de Abonos y Fertiizantes - EEPAF', 'EEPAF', 8, 'Industria-Agropecuario', 'VIGENTE'),
(56, '2302', 'Empresa Municipal de Agua Potable y Alcantarillado Sacaba - EMAPAS', 'EMAPAS', 2, 'Saneamiento BAsico', 'VIGENTE'),
(57, '513', 'Yacimientos Petrolíferos Fiscales Bolivianos - YPFB', 'YPFB', 6, 'Hidrocarburos', 'VIGENTE'),
(58, '514', 'Empresa Nacional de Electricidad - ENDE', 'ENDE', 6, 'Energia', 'VIGENTE'),
(59, '517', 'Corporación Minera de Bolivia - COMIBOL', 'COMIBOL', 6, 'Minero', 'VIGENTE'),
(60, '548', 'Corporación de las Fuerzas Armadas para el Desarrollo Nacional - COFADENA', 'COFADENA', 6, 'Defensa Nacional', 'VIGENTE'),
(61, '578', 'Boliviana de Aviación - BOA', 'BOA', 6, 'Transporte', 'VIGENTE');

-- --------------------------------------------------------

--
-- Estructura de tabla para la tabla `entidad_archivo`
--

CREATE TABLE `entidad_archivo` (
  `identidad_archivo` int(11) NOT NULL,
  `idcategoria_archivo` int(11) NOT NULL,
  `entidad_archivo` text NOT NULL
) ENGINE=InnoDB DEFAULT CHARSET=utf8;

--
-- Volcado de datos para la tabla `entidad_archivo`
--

INSERT INTO `entidad_archivo` (`identidad_archivo`, `idcategoria_archivo`, `entidad_archivo`) VALUES
(1, 1, 'HR-CELESTE '),
(2, 1, 'HR-CENCAP '),
(3, 1, 'HR-GNRH '),
(4, 1, 'HR-GNAF '),
(5, 1, 'HR-DC '),
(6, 1, 'HR-SCG '),
(7, 1, 'HR-SCSL '),
(8, 1, 'HR-SCGM '),
(9, 1, 'HR-SCEP '),
(10, 1, 'HR-SCGD '),
(11, 1, 'HR-SCNC '),
(12, 1, 'HR-SCAT '),
(13, 1, 'HR-UAI '),
(14, 1, 'HR-GPA '),
(15, 1, 'HR-GPA2 '),
(16, 1, 'HR-SG '),
(17, 1, 'HR-GDS '),
(18, 1, 'HR-GDT '),
(19, 1, 'HR-GDB '),
(20, 1, 'HR-GDN '),
(21, 1, 'HR-GDO '),
(22, 1, 'HR-GDP '),
(23, 1, 'HR-GDC '),
(24, 1, 'HR-GDH '),
(25, 2, 'AAPOS'),
(26, 2, 'ABE'),
(27, 2, 'ASP-B'),
(28, 2, 'BOA'),
(29, 2, 'BOLIVIA TV'),
(30, 2, 'COFADENA'),
(31, 2, 'COMIBOL'),
(32, 2, 'DAB'),
(33, 2, 'EASBA'),
(35, 2, 'EBA'),
(36, 2, 'EBC'),
(37, 2, 'ECEBOL'),
(38, 2, 'EDITORIAL'),
(39, 2, 'EDPEOR'),
(40, 2, 'EIBH'),
(41, 2, 'ELAPAS'),
(42, 2, 'EMALT'),
(43, 2, 'EMAPA'),
(44, 2, 'EMAPAS'),
(45, 2, 'EMAVERDE'),
(46, 2, 'EMAVRA'),
(48, 2, 'EMSA'),
(49, 2, 'ENABOL'),
(50, 2, 'ENDE'),
(51, 2, 'ENFE'),
(52, 2, 'ENVIBOL'),
(53, 2, 'EPDEOR'),
(54, 2, 'GERES'),
(55, 2, 'GESTORA'),
(56, 2, 'MISICUNI'),
(57, 2, 'MUTUN'),
(58, 2, 'OFEP'),
(59, 2, 'PROMIEL'),
(60, 2, 'QUIPUS'),
(61, 2, 'SAMAPA'),
(62, 2, 'SEDEM'),
(63, 2, 'SEMAPA'),
(64, 2, 'SENATEX'),
(65, 2, 'SETAR'),
(66, 2, 'TAB'),
(67, 2, 'TAM'),
(68, 2, 'VINTO'),
(69, 2, 'YLB'),
(71, 2, 'YPFB');

-- --------------------------------------------------------

--
-- Estructura de tabla para la tabla `estado`
--

CREATE TABLE `estado` (
  `idestado` int(11) NOT NULL,
  `estado` text NOT NULL,
  `tipo_estado` varchar(45) NOT NULL,
  `idtipo_hojaruta` int(11) NOT NULL
) ENGINE=InnoDB DEFAULT CHARSET=utf8;

--
-- Volcado de datos para la tabla `estado`
--

INSERT INTO `estado` (`idestado`, `estado`, `tipo_estado`, `idtipo_hojaruta`) VALUES
(1, 'REGISTRADA', 'INICIAL', 0),
(2, 'EN PROCESO', 'PRIMARIO', 0),
(3, 'CONCLUIDA', 'PRIMARIO', 0),
(4, 'ARCHIVADA', 'PRIMARIO', 0),
(5, 'RECOLECCIÓN DE INFORMACIÓN', 'DINAMICO', 11),
(6, 'PLANIFICACIÓN MPA', 'DINAMICO', 11),
(7, 'EJECUCIÓN', 'DINAMICO', 11),
(8, 'ELABORACIÓN DE INFORMACIÓN', 'DINAMICO', 11),
(9, 'CONTROL DE CALIDAD', 'DINAMICO', 11),
(10, 'COMUNICACIÓN INTERNA DE REVISIÓN', 'DINAMICO', 11),
(11, 'AJUSTA INFORMACIÓN O MPA', 'DINAMICO', 11),
(12, 'REVISIÓN GERENTE', 'DINAMICO', 11),
(13, 'APROBADO', 'DINAMICO', 11),
(14, 'ANÁLISIS', 'DINAMICO', 3),
(15, 'DEFINICIÓN (TITULO, OBJETIVO, OBJETO Y ALCANCE)', 'DINAMICO', 3),
(16, 'ELABORACIÓN DEL PROGRAMA DE TRABAJO', 'DINAMICO', 3),
(17, 'EJECUCIÓN DE LA SUPERVISIÓN', 'DINAMICO', 3),
(18, 'ELABORACIÓN DE INFORME BORRADOR', 'DINAMICO', 3),
(19, 'INSPECCIÓN', 'DINAMICO', 3),
(20, 'AJUSTE DE INFORME', 'DINAMICO', 3),
(21, 'APROBACIÓN INSPECCIÓN', 'DINAMICO', 3),
(22, 'EN OPINIÓN LEGAL (JURIDICA)', 'DINAMICO', 3),
(23, 'PRE-APROBACIÓN SUBCONTRALOR', 'DINAMICO', 3),
(24, 'APROBACIÓN SUBCONTRALOR Y EMISIÓN', 'DINAMICO', 3),
(25, 'EVALUACIÓN ', 'DINAMICO', 1),
(26, 'ELABORACIÓN DE PAPELES DE TRABAJO', 'DINAMICO', 1),
(27, 'INSPECCIÓN', 'DINAMICO', 1),
(28, 'CORRECCIÓN DE OBSERVACIONES DE INSPECCIÓN ', 'DINAMICO', 1),
(29, 'REVISIÓN Y APROBACIÓN DEL SUBCONTRALOR', 'DINAMICO', 1),
(30, 'EMISIÓN DE INFORME DEFINITIVO', 'DINAMICO', 1),
(31, 'REVISIÓN DEL LLENADO DEL FORMULARIO', 'DINAMICO', 23),
(32, 'ELABORACIÓN DE LA NOTA DE RESPUESTA', 'DINAMICO', 23),
(33, 'PARA APROBACION DEL SUBCONTRALOR', 'DINAMICO', 23),
(34, 'EVALUACIÓN ', 'DINAMICO', 2),
(35, 'ELABORACIÓN DE PAPELES DE TRABAJO', 'DINAMICO', 2),
(36, 'INSPECCIÓN', 'DINAMICO', 2),
(37, 'CORRECCIÓN DE OBSERVACIONES DE INSPECCIÓN ', 'DINAMICO', 2),
(38, 'REVISIÓN Y APROBACIÓN DEL SUBCONTRALOR', 'DINAMICO', 2),
(39, 'EMISIÓN DE INFORME DEFINITIVO', 'DINAMICO', 2),
(40, 'ANÁLISIS ', 'DINAMICO', 9),
(41, 'ELABORACIÓN DE INFORME ', 'DINAMICO', 9),
(42, 'REVISIÓN Y APROBACIÓN DEL SUBCONTRALOR', 'DINAMICO', 9),
(43, 'EMISIÓN DE INFORME ', 'DINAMICO', 9),
(44, 'REVISIÓN DE ACUERDO A ANEXO', 'DINAMICO', 10),
(45, 'OBSERVACIONES ENVIADAS A LA EMPRESA', 'DINAMICO', 10),
(46, 'OPTIMIZACIÓN DE LA INFORMACIÓN DIGITAL', 'DINAMICO', 10),
(47, 'SUBIENDO A SERVIDOR DE ARCHIVOS Y SUBCEP', 'DINAMICO', 10),
(48, 'ELABORACIÓN DE INFORME ', 'DINAMICO', 10),
(49, 'REVISIÓN Y APROBACIÓN DEL SUBCONTRALOR', 'DINAMICO', 10),
(50, 'EMISIÓN DE INFORME ', 'DINAMICO', 10),
(51, 'RECOLECCIÓN DE INFORMACIÓN', 'DINAMICO', 12),
(52, 'PLANIFICACIÓN MPA', 'DINAMICO', 12),
(53, 'EJECUCIÓN', 'DINAMICO', 12),
(54, 'ELABORACIÓN DE INFORMACIÓN', 'DINAMICO', 12),
(55, 'CONTROL DE CALIDAD', 'DINAMICO', 12),
(56, 'AJUSTES Y CORRECCIONES', 'DINAMICO', 12),
(57, 'INSPECCIÓN', 'DINAMICO', 12),
(58, 'OPINIÓN LEGAL', 'DINAMICO', 12),
(59, 'APROBACIÓN DEL SUBCONTRALOR', 'DINAMICO', 12),
(60, 'EMISIÓN DE INFORME A LA EMPRESA', 'DINAMICO', 12),
(61, 'ANÁLISIS DE LA DOCUMENTACIÓN', 'DINAMICO', 22),
(62, 'ELABORACIÓN DE LA NOTA DE RESPUESTA', 'DINAMICO', 22),
(63, 'PARA APROBACIÓN DEL SUBCONTRALOR.', 'DINAMICO', 22),
(64, 'EMISIÓN DE RESPUESTA A LA EMPRESA', 'DINAMICO', 22);

-- --------------------------------------------------------

--
-- Estructura de tabla para la tabla `estructura_org`
--

CREATE TABLE `estructura_org` (
  `idestructura_org` int(11) NOT NULL,
  `idlegajo` int(11) NOT NULL,
  `correlativo` varchar(45) NOT NULL,
  `denominacion` text NOT NULL,
  `descripcion` text NOT NULL,
  `fecha` date DEFAULT NULL,
  `codigo_doc` varchar(45) DEFAULT NULL,
  `archivo_id` varchar(45) DEFAULT NULL,
  `hash` text,
  `idusuario` int(11) NOT NULL
) ENGINE=InnoDB DEFAULT CHARSET=utf8;

--
-- Volcado de datos para la tabla `estructura_org`
--

INSERT INTO `estructura_org` (`idestructura_org`, `idlegajo`, `correlativo`, `denominacion`, `descripcion`, `fecha`, `codigo_doc`, `archivo_id`, `hash`, `idusuario`) VALUES
(1, 11, '1', 'Organigrama Gerencia Ejecutiva', 'Se muestra el oreganigrama ejecutivo', '2022-06-10', '', '', '', 1),
(2, 11, '2', 'Organigrama Gerencia GENERAL DAF', 'Se muestra el oreganigrama general de la difeccion administrativa', '2022-06-10', 'SCEP-LEGP-11/2021-DOC-2', '', '', 1),
(3, 1, '1', 'ORGANIGRAMA GERENCIAL', 'SE TRATA DEL ORGANIGARAMA EJECUTIVO DESDE GERENCIA GENERAL Y DIRECTORIO EJECUTIVO', '2022-06-10', '', '', '', 1),
(4, 1, '2', 'ORGANUGRAMA GENERAL', 'SE TRATA DEL ORGANIGRAMA DE TODA LA ENTIDAD DESDE LA MAE HASTA LOS NIVELES OPERATIVOS SUSTANTIVOS', '2022-06-10', 'SCEP-LEGP-1/2021-DOC-2', '', '', 1);

-- --------------------------------------------------------

--
-- Estructura de tabla para la tabla `historico_hr`
--

CREATE TABLE `historico_hr` (
  `idhistorico_hr` int(11) NOT NULL,
  `correlativo` varchar(45) DEFAULT NULL,
  `supervisor` text,
  `tipo_trabajo` text,
  `empresa` varchar(45) DEFAULT NULL,
  `hoja_ruta` varchar(45) DEFAULT NULL,
  `fecha_hr` varchar(45) DEFAULT NULL,
  `fecha_asig` varchar(45) DEFAULT NULL,
  `estado` varchar(45) DEFAULT NULL,
  `informe` varchar(100) DEFAULT NULL,
  `fecha_inf` varchar(45) DEFAULT NULL,
  `nota` varchar(45) DEFAULT NULL,
  `fecha_emision` varchar(45) DEFAULT NULL,
  `aclaraciones` text,
  `tipo` varchar(45) DEFAULT NULL
) ENGINE=InnoDB DEFAULT CHARSET=utf8;

--
-- Volcado de datos para la tabla `historico_hr`
--

INSERT INTO `historico_hr` (`idhistorico_hr`, `correlativo`, `supervisor`, `tipo_trabajo`, `empresa`, `hoja_ruta`, `fecha_hr`, `fecha_asig`, `estado`, `informe`, `fecha_inf`, `nota`, `fecha_emision`, `aclaraciones`, `tipo`) VALUES
(1, '1', 'WILDER HERRERA', 'POA 2020', 'AAPOS', '25037', '30/9/19', '1/10/19', 'C', 'CGE/SCEP/INF-460/2019', '', 'CGE/SCEP-1235/2019', '11/10/19', '', 'POA'),
(2, '2', 'ANDRES ORTEGA', 'POA 2020', 'ASPB', '26664', '18/10/19', '21/10/19', 'P', '', '', '', '', '', 'POA'),
(3, '3', 'SONIA VELASQUEZ', 'POA 2020', 'BOLTUR', '24990', '30/9/19', '1/10/19', 'C', 'CGE/SCEP/INF-455/2019', '', 'CGE/SCEP-1226/2019', '11/10/19', '', 'POA'),
(4, '4', 'DELFIN PONCE', 'POA 2020', 'COFADENA', '24756', '27/9/19', '30/9/19', 'C', 'CGE/SCEP/INF-439/2019', '', 'CGE/SCEP-1212/2019', '2/10/19', '', 'POA'),
(5, '5', 'MELISSA VARGAS', 'POA 2020', 'COMIBOL', '24805', '30/9/19', '30/9/19', 'C', 'CGE/SCEP/INF-458/2019', '', 'CGE/SCEP-1212/2019', '4/10/19', '', 'POA'),
(6, '6', 'ELENA MALLON', 'POA 2020', 'EASBA', '24941', '30/9/19', '1/10/19', 'C', '', '', 'CGE/SCEP-1212/2019', '4/10/19', '', 'POA'),
(7, '7', 'FREDDY CRUZ', 'POA 2020', 'EBA', '25409', '3/10/19', '4/10/19', 'C', 'CGE/SCEP/INF-464/2019', '', 'CGE/SCEP-1238/2019', '7/10/19', '', 'POA'),
(8, '8', 'WILDER HERRERA', 'POA 2020', 'EBC', '24470', '25/9/19', '26/9/19', 'C', 'CGE/SCEP/INF-473/2019', '', 'CGE/SCEP-1269/2019', '7/10/19', '', 'POA'),
(9, '9', 'FREDDY CRUZ', 'POA 2020', 'EDITORIAL', '24896', '30/9/19', '1/10/19', 'C', 'CGE/SCEP/INF-457/2019', '', 'CGE/SCEP-1220/2019', '4/10/19', '', 'POA'),
(10, '10', 'SONIA VELASQUEZ', 'POA 2020', 'ELAPAS', '24854', '30/9/19', '1/10/19', 'C', 'CGE/SCEP/INF-454/2019', '', 'CGE/SCEP-1225/2019', '11/10/19', '', 'POA'),
(11, '11', 'FREDDY CRUZ', 'POA 2020', 'EMAPA', '24995', '30/9/19', '1/10/19', 'C', 'CGE/SCEP/INF-446/2019', '', 'CGE/SCEP-1216/2019', '11/10/19', '', 'POA'),
(12, '12', 'ANDRES ORTEGA', 'POA 2020', 'EMAPAS', '24788', '30/9/19', '30/9/19', 'C', 'CGE/SCEP/INF-449/2019', '', 'CGE/SCEP-1221/2019', '3/10/19', '', 'POA'),
(13, '13', 'WILDER HERRERA', 'POA 2020', 'EMAVERDE', '24782', '30/9/19', '30/9/19', 'C', 'CGE/SCEP/INF-445/2019', '', 'CGE/SCEP-1210/2019', '4/10/19', '', 'POA'),
(14, '14', 'WILDER HERRERA', 'POA 2020', 'EMAVIAS', '25816', '08/10/209', '9/10/19', 'C', 'CGE/SCEP/INF-478/2019', '', 'CGE/SCEP-1270/2019', '17/10/19', '', 'POA'),
(15, '15', 'ANDRES ORTEGA', 'POA 2020', 'EMAVRA', '25221', '02/10/209', '3/10/19', 'C', '149/2020', '', '325/2020', '9/6/20', '', 'POA'),
(16, '16', 'EVA COLQUE', 'POA 2020', 'EMSA', '24699', '27/9/19', '2/10/19', 'C', 'CGE/SCEP/INF-463/2019', '', 'CGE/SCEP-1241/2019', '8/10/19', '', 'POA'),
(17, '17', 'ELENA MALLON', 'POA 2020', 'EMTAGAS', '24808', '30/9/19', '30/9/19', 'C', '006/2020', '', '123/2020', '10/2/20', '', 'POA'),
(18, '18', 'DELFIN PONCE', 'POA 2020', 'ENDE', '25228', '02/10/209', '2/10/19', 'C', 'CGE/SCEP/INF-456/2019', '', 'CGE/SCEP-1229/2019', '4/10/19', '', 'POA'),
(19, '19', 'DELFIN PONCE', 'POA 2020', 'ENFE', '24800', '30/9/19', '30/9/19', 'C', 'CGE/SCEP/INF-447/2019', '', 'CGE/SCEP-1217/2019', '11/10/19', '', 'POA'),
(20, '20', 'EDDY MARQUEZ', 'POA 2020', 'EPDEOR', '25705', '1/10/19', '8/10/19', 'C', 'CGE/SCEP/INF-474/2019', '', 'CGE/SCEP-1265/2019', '9/10/19', '', 'POA'),
(21, '21', 'ANDRES ORTEGA', 'POA 2020', 'GERES', '25108', '1/10/19', '2/10/19', 'C', '150/2020', '', '326/2020', '9/6/20', '', 'POA'),
(22, '22', 'EDDY MARQUEZ', 'POA 2020', 'GESTORA', '24656', '27/9/19', '30/9/19', 'C', 'CGE/SCEP/INF-452/2019', '', 'CGE/SCEP-1242/2019', '11/10/19', '', 'POA'),
(23, '23', 'DELFIN PONCE', 'POA 2020', 'MI TELEFERICO', '24913', '30/9/19', '1/10/19', 'C', 'CGE/SCEP/INF-440/2019', '', 'CGE/SCEP-1207/2019', '2/10/19', '', 'POA'),
(24, '24', 'SONIA VELASQUEZ', 'POA 2020', 'MISICUNI', '24791', '30/9/19', '30/9/19', 'C', '', '', 'CGE/SCEP/1204/2019', '1/10/19', '', 'POA'),
(25, '25', 'FREDDY CRUZ', 'POA 2020', 'MUTUN', '24898', '30/9/19', '1/10/19', 'C', 'CGE/SCEP/INF-448/2019', '', 'CGE/SCEP-1224/2019', '4/10/19', '', 'POA'),
(26, '26', 'EVA COLQUE', 'POA 2020', 'QUIPUS', '25279', '2/10/19', '3/10/19', 'C', 'CGE/SCEP/INF-462/2019', '', 'CGE/SCEP-1239/2019', '7/10/19', '', 'POA'),
(27, '27', 'ANDRES ORTEGA', 'POA 2020', 'SAMAPA', '24947', '30/9/19', '1/10/19', 'C', 'CGE/SCEP/INF-495/2019', '', 'CGE/SCEP-1299/2019', '22/10/19', '', 'POA'),
(28, '28', 'POA 2020', 'POA 2020', 'SEDEM', '25005', '30/9/19', '2/10/19', 'C', 'CGE/SCEP/INF-505/2019', '', 'CGE/SCEP-1376/2019', '5/11/19', '', 'POA'),
(29, '29', 'SONIA VELASQUEZ', 'POA 2020', 'SELA', '25334', '3/10/19', '3/10/19', 'C', 'CGE/SCEP/INF-485/2019', '', 'CGE/SCEP-1289/2019', '22/10/19', '', 'POA'),
(30, '30', 'MELISSA VARGAS', 'POA 2020', 'SEMAPA', '25016', '30/9/19', '1/10/19', 'P', '', '', '', '', '', 'POA'),
(31, '31', 'EVA COLQUE', 'POA 2020', 'SENATEX', '24855', '30/9/19', '1/10/19', 'C', 'CGE/SCEP/INF-453/2019', '', 'CGE/SCEP-1233/2019', '4/10/19', '', 'POA'),
(32, '32', 'ELENA MALLON', 'POA 2020', 'SETAR', '24809-27750/19', '30/9/19', '30/9/19', 'C', '008/2020', '', '125/2020', '11/2/20', '', 'POA'),
(33, '33', 'EDDY MARQUEZ', 'POA 2020', 'TAB', '25006', '30/9/19', '1/10/19', 'C', 'CGE/SCEP/INF-450/2019', '', 'CGE/SCEP-1231/2019', '3/10/19', '', 'POA'),
(34, '34', 'WILDER HERRERA', 'POA 2020', 'VINTO', '24786', '30/9/19', '30/9/19', 'C', 'CGE/SCEP/INF-461/2019', '', 'CGE/SCEP-1263/2019', '10/10/19', '', 'POA'),
(35, '35', 'EDDY MARQUEZ', 'POA 2020', 'YLB', '24886', '30/9/19', '1/10/19', 'C', 'CGE/SCEP/INF-451/2019', '', 'CGE/SCEP-1232/2019', '11/10/19', '', 'POA'),
(36, '36', 'EDDY MARQUEZ', 'POA 2020 AJUSTE', 'YLB ', '26693', '18/10/19', '21/10/19', 'P', '', '', '', '', '', 'POA'),
(37, '37', 'ELENA MALLON', 'POA 2020', 'YPFB', '24997', '30/9/19', '1/10/19', 'P', '', '', '', '', '', 'POA'),
(38, '38', 'DELFIN PONCE', 'POA 2020 AJUSTADO', 'ENDE', '27445', '30/10/19', '31/10/19', 'C', '', '', '', '', 'HRC ARCHIVADA SUJETO A EVALUACION', 'POA'),
(39, '39', 'DELFIN PONCE', 'POA 2020', 'DAB', '25041', '30/9/19', '31/10/19', 'C', 'CGE/SCEP/INF-514/2019', '', 'CGE/SCEP-1375/2019', '4/11/19', '', 'POA'),
(40, '40', 'FREDDY CRUZ', 'POA ', 'EBA', '30875', '9/12/19', '10/12/19', 'C', '', '', 'CGE/SCEO-1542/2019', '11/12/19', '', 'POA'),
(41, '41', 'DELFIN PONCE', 'POA 2020', 'OFEP', '32518', '27/12/19', '31/12/19', 'C', '', '', '', '', '* SE ARCHIVA HR ', 'POA'),
(42, '42', 'DELFIN PONCE', 'POA 2020', 'BOLIVIA TV', '32924', '31/12/19', '2/1/20', 'C', 'CGE/SCEP/INF-009/2020', '', 'CGE/SCEP-129/2020', '12/2/20', '', 'POA'),
(43, '43', 'FREDDY CRUZ', 'POA 2020', 'ABE', '3092', '4/2/20', '17/2/20', 'C', '50/2020', '', '256/2020', '3/3/20', '', 'POA'),
(44, '44', 'SONIA VELASQUEZ', 'POA 2020', 'BOA', '4318', '18/2/20', '19/2/20', 'C', '48/2020', '', '212/2020', '28/2/20', '', 'POA'),
(45, '45', 'EUSTAQIUIO HUAYTA', 'REPROGRAMADO POA 2020', 'BOLIVIA TV', '8982', '1/7/20', '2/7/20', 'C', '266/2020', '', '510/2020', '23/7/20', '', 'POA'),
(46, '46', 'EUSTAQIUIO HUAYTA', 'REPROGRAMADO POA 2020', 'BOLTUR', '8949', '30/6/20', '2/7/20', 'P', '', '', '', '', '', 'POA'),
(47, '47', 'ELENA MALLON', 'REPROGRAMACION POA 2020', 'YPFB', '8957', '30/6/20', '3/7/20', 'P', '', '', '', '', '', 'POA'),
(48, '48', 'FREDDY CRUZ', 'REFORMULACION 2020', 'EMAPA', '8964', '30/6/20', '3/7/20', 'P', '', '', '', '', '', 'POA'),
(49, '49', 'GUSTAVO RAMIREZ', 'POA REFORMULADO 2020', 'EMAVERDE', '8935', '30/6/20', '1/7/20', 'P', '', '', '', '', '', 'POA'),
(50, '50', 'ANDRES ORTEGA', 'POA REAJUSTADO DE LA UAI', 'EMAPAS', '1892', '21/1/20', '23/1/20', 'C', '148/2020', '', '324/2020', '9/6/20', '', 'POA'),
(51, '51', 'ELENA MALLON', 'POA REFORMULADO 2020', 'EASBA', '10435', '27/7/20', '29/7/20', 'C', '426/2020', '', '799/2020', '6/11/20', '', 'POA'),
(52, '1', 'ANDRES ORTEGA', 'INF/AUDITOR INTERNO  AIC 001/2020 Y EE.FF.', 'AAPOS', '5459', '2/3/20', '10/3/20', '', '', '', '', '', '', 'CONF'),
(53, '2', 'FREDDY CRUZ', 'INF/AUDITORI INTERNO ABE-AI 01/2020 Y EEFF.', 'ABE', '5112', '28/2/20', '10/3/20', '', '', '', '', '', '', 'CONF'),
(54, '3', 'FREDDY CRUZ', 'INFORME DE CONTROL INTERNO AI 02/2020', 'ABE', '', '', '', '', '', '', '', '', '', 'CONF'),
(55, '4', 'FREDDY CRUZ', 'INFORME DE CONTROL INTERNO SOBRE EL EXAMEN A LA CONFIABILIDAD EE.FF.2019 INF. ASP-B/UAI-INF-CI-002/2020', 'ASPB', '4857', '27/2/20', '28/2/20', '', '', '', '', '', '', 'CONF'),
(56, '5', 'SONIA VELASQUEZ', 'INF/AUDITOR INTERNO OB.GA.INF.001/2020 Y EE.FF.', 'BOA', '5236', '28/2/20', '10/3/20', '', '', '', '', '', '', 'CONF'),
(57, '6', 'EUSTAQUIO HUAYTA', 'INFORME DE CONTROL INTERO EMERGENTE DE LA CONFIB. EE.FF.2019 INF  BOLIVIA TV-UAI N? 002/2020', 'BOLIVIA TV', '9941', '15/7/20', '21/7/20', '', '', '', '', '', '', 'CONF'),
(58, '7', 'DELFIN PONCE', 'INF/AUDITOR INTERNO UAI. INF. N? 002/2020 Y  EE.FF.', 'COFADENA', '5126', '28/2/20', '10/3/20', '', '', '', '', '', '', 'CONF'),
(59, '8', 'DELFIN PONCE', 'INFORME DE CONTROL INTERNO ', 'COFADENA', '8900', '30/6/20', '2/7/20', '', '', '', '', '', '', 'CONF'),
(60, '9', 'WILDER HERRERA', 'INF/AUITOR INTERNO DA-3-002/2020 Y EE.FF.', 'COMIBOL', '5079', '28/2/20', '10/3/20', '', '', '', '', '', '', 'CONF'),
(61, '10', 'DELFIN PONCE', 'INF/AUDITOR INTERNO INF DAB/UAI N? 001/2020 Y EEFF', 'DAB', '5084', '28/2/20', '28/2/20', '', '', '', '', '', '', 'CONF'),
(62, '11', 'ELENA MALLON', 'INF/AUDITOR INTERNO  EASBA-UAI-INF-N? 005/2019 Y EE.FF.', 'EASBA', '5132', '28/2/20', '10/3/20', '', '', '', '', '', '', 'CONF'),
(63, '12', 'FREDDY CRUZ', 'INF/AUDITOR INTERNO  EBA/UAI/INF-AI/2020-004 Y EE.FF.', 'EBA', '5314', '26/2/20', '10/3/20', '', '', '', '', '', '', 'CONF'),
(64, '13', 'FREDDY CRUZ', 'INF/AUDITOR INTERNO EBA/DAI/INF-AI/2020-04', 'EBA', '5300', '28/2/20', '10/3/20', '', '', '', '', '', '', 'CONF'),
(65, '14', 'WILDER HERRERA', 'INF/AUDITOR INTERNO INF/GGE/AAI/2020-0003', 'EBC', '5182', '28/2/20', '10/3/20', '', '', '', '', '', '', 'CONF'),
(66, '15', 'ANDRES ORTEGA', 'INF/AUDITOR INTERNO EBIH.INF.UAI.N?02/2020 Y EEFF', 'EBIH', '5041', '28/2/20', '10/3/20', '', '', '', '', '', '', 'CONF'),
(67, '16', 'ANDRES ORTEGA', 'REMITE INFORME DE CONTROL INTERNO EBIH INF-UAI-03/2020', 'EBIIH', '8019', '12/6/20', '15/6/20', '', '', '', '', '', '', 'CONF'),
(68, '17', 'FREDDY CRUZ', 'INF/AUITOR INTERNO EDITORIAL/UAI/INF/002/2019 Y EE.FF.', 'EDITORIAL', '5307', '28/2/20', '10/3/20', '', '', '', '', '', '', 'CONF'),
(69, '18', 'ELENA MALLON', 'INF/AUDITOR INTERNO N? I.A.I. 02/20  Y EE. FF', 'ELAPAS', '5423', '2/3/20', '10/3/20', '', '', '', '', '', '', 'CONF'),
(70, '19', 'EVA COLQUE', 'INF/AUDITOR INTERNO UAI-N?-004/2020 Y EE.FF', 'EMAPA', '5194', '28/2/20', '10/3/20', '', '', '', '', '', '', 'CONF'),
(71, '20', 'FREDDY CRUZ', 'INF/AUDITOR INTERNO  UAI-004/2020 Y EE.FF', 'EMAPAS', '5352', '8/2/20', '10/3/20', '', '', '', '', '', '', 'CONF'),
(72, '21', 'GUSTAVO RAMIREZ', 'REMITE INF CONFIABILIDAD DE REG Y EE. FF. 2019', 'EMAVERDE', '5324', '28/2/20', '3/6/20', '', '', '', '', '', '', 'CONF'),
(73, '22', 'GUSTAVO RAMIREZ', 'REM. ESTADOS FINANCIEROS GESTION 2019', 'EMAVERDE', '5087', '28/2/20', '3/6/20', '', '', '', '', '', '', 'CONF'),
(74, '23', 'GUSTAVO RAMIREZ', 'REM. CONTROL INTERNO AUD DE CONFIABILIDAD GESTION 2019', 'EMAVERDE', '5325', '28/2/20', '3/6/20', '', '', '', '', '', '', 'CONF'),
(75, '24', 'WILDER HERRERA', 'INF/AUDITOR INTERNO EMAVIAS-UAI-002/2020 Y EE.FF.|', 'EMAVIAS', '5090', '28/2/20', '10/3/20', '', '', '', '', '', '', 'CONF'),
(76, '25', 'WILDER HERRERA', 'INF/AUDITOR INTERNO INF.UAI..N? 01/20', 'EMAVRA', '5668', '30/3/20', '20/3/20', '', '', '', '', '', '', 'CONF'),
(77, '26', 'WILDER HERRERA', 'INF. CONTROL INTERNO EMAVRA/UAI/24/2020', 'EMAVRA', '8700', '25/6/20', '29/6/20', '', '', '', '', '', '', 'CONF'),
(78, '27', 'EVA COLQUE', 'INF/AUDITOR INTERNO INF.UAI.N? 01/2020 Y EE.FF', 'EMSA', '5022', '28/2/20', '10/3/20', '', '', '', '', '', '', 'CONF'),
(79, '28', 'GUSTAVO RAMIREZ', 'INFORME DE AUDITORIA DE CONFIABILIDADAUD.INT.IAC. N?01/2020', 'EMTAGAS', '4937', '27/2/20', '28/2/20', '', '', '', '', '', '', 'CONF'),
(80, '29', 'GUSTAVO RAMIREZ', 'INF/AUDITOR INTERNO AUD.INT.IAC. N? 01/2020 Y EE.FF.', 'EMTAGAS', '5437', '2/3/20', '10/3/20', '', '', '', '', '', '', 'CONF'),
(81, '30', 'DELFIN PONCE', 'INF/AUDITOR INTERNO  INF-UAI-N? 01/2020', 'ENDE', '5151', '28/2/20', '10/3/20', '', '', '', '', '', '', 'CONF'),
(82, '31', 'EDDY MARQUEZ', 'INF AUDITOR INTERNO  EPDEOR/AUDIN/CONF/N? 001-2020 Y EE.FF.', 'EPDEOR', '5412', '2/3/20', '10/3/20', '', '', '', '', '', '', 'CONF'),
(83, '32', 'EDDY MARQUEZ', 'REMITE EPDEOR/AUDIN/CONF/N? 002/2020 CONTROL INTERNO', 'EPDEOR', '10246', '22/7/20', '23/7/20', '', '', '', '', '', '', 'CONF'),
(84, '33', 'EVA COLQUE', 'INF/AUDITOR INTERO  INF UAI N| 004/2020 Y EE.FF', 'GERES', '5649', '3/3/20', '10/3/20', '', '', '', '', '', '', 'CONF'),
(85, '34', 'EDDY MARQUEZ', 'INF/AUDITOR INTERNO N? GP/AI/CONF/OP/001/2020 Y EE. FF.', 'GESTORA', '', '', '', '', '', '', '', '', '', 'CONF'),
(86, '35', 'ACEFALO', 'REM INFORME DE CONFIABILIDAD/ INFORME DE CONTROL INTERNO', 'MI TELEFERICO', '7293', '20/3/20', '', '', '', '', '', '', '', 'CONF'),
(87, '36', 'GUSTAVO RAMIREZ', 'INFORME DEL AUDITOR INTERNO EM/UAI/001/2020', 'MISICUNI', '4451', '19/2/20', '20/2/20', '', '', '', '', '', '', 'CONF'),
(88, '37', 'ANDRES ORTEGA', 'INF/AUDITOR INTERNO  ESM/UAI/I N? 001/2020 Y EE.FF.', 'MUTUN', '4997', '28/2/20', '10/3/20', '', '', '', '', '', '', 'CONF'),
(89, '38', 'ANDRES ORTEGA', 'REMITE PT DE AUD. DE CONFABILIDAD DE REGISTROS DE EE.FF. AL 31 DE DIOC. 2019', 'MUTUN', '8032', '12/6/20', '15/6/20', '', '', '', '', '', '', 'CONF'),
(90, '39', 'DELFIN PONCE', 'INF/AUDITOR INTERNO  INF/AI N? 0002/2020 Y EE.FF.', 'OFEP', '5253', '28/2/20', '10/3/20', '', '', '', '', '', '', 'CONF'),
(91, '40', 'DELFIN PONCE', 'INFORME DE CONTROL INTERNO DE LA CONF. EE.FF. 2019 ', 'OFEP', '8199', '16/6/20', '18/6/20', '', '', '', '', '', '', 'CONF'),
(92, '41', 'ANDRES ORTEGA', 'INF/AUDITOR INTERNO QUIPUS/GG/INF N? 0008/2020 Y EE. FF.', 'QUIPUS', '5283', '28/2/20', '10/3/20', '', '', '', '', '', '', 'CONF'),
(93, '42', 'EDDY MARQUEZ', 'INF/AUDITOR INTERNO SEDEM.INF.AI.02/2020 Y EE.FF.', 'SEDEM', '5316', '28/2/20', '10/3/20', '', '', '', '', '', '', 'CONF'),
(94, '43', 'ELENA MALLON', 'INF/AUDITOR INTERNO INF. N? SO/IAI/B-04/2020 YEE.FF.', 'SELA', '5031', '28/2/20', '10/3/20', '', '', '', '', '', '', 'CONF'),
(95, '44', 'EVA COLQUE', 'INF/AUDITOR INTERNO SENTEX/INF/UAI-003/2020 Y EE.FF.', 'SENATEX', '5070', '28/2/20', '10/3/20', '', '', '', '', '', '', 'CONF'),
(96, '45', 'GUSTAVO RAMIREZ', 'INFORME DE AUDITOR INTERNO SOBRE LA CONFIABILIDAD DE LOS EE.FF. 2019 Y 2018 INF.DAI. N? 01/2020', 'SETAR', '4872', '27/2/20', '28/2/20', '', '', '', '', '', '', 'CONF'),
(97, '46', 'EDDY MARQUEZ', 'INF/AUDITORINTERRNO DAI./INF.N? 002/2020', 'TAB', '5269', '28/2/20', '10/03/2020}', '', '', '', '', '', '', 'CONF'),
(98, '47', 'EDDY MARQUEZ', 'INFORME CONTROL INTERNO DAI/INF. N? 003/2020', 'TAB', '7524', '6/6/20', '8/6/20', '', '', '', '', '', '', 'CONF'),
(99, '48', 'WILDER HERRERA', 'INF/AUDITOR INTERNO  EMV/UAI/CONF/N? 02/2020', 'VINTO', '5793', '4/3/20', '10/3/20', '', '', '', '', '', '', 'CONF'),
(100, '49', 'ANDRES ORTEGA', 'INF/AUDITOR INTERNO  YACANA-UAI-IT-N?0002/20 Y EE.FF.', 'YACANA', '5545', '3/3/20', '10/3/20', '', '', '', '', '', '', 'CONF'),
(101, '50', 'ANDRES ORTEGA', 'INF YACANA-UAI-02/22020', 'YACANA', '9748', '13/7/20', '13/7/20', '', '', '', '', '', '', 'CONF'),
(102, '51', 'ELENA MALLON', 'INF/AUDITOR INTERNO  DAIC-D-01/2020 Y EE.FF', 'YPFB', '5171', '28/2/20', '10/3/20', '', '', '', '', '', '', 'CONF'),
(103, '1', 'DELFIN PONCE', 'N? INF/UAI/003/2020', 'COFADENA', '6526', '10/3/20', '13/3/20', '', '', '', '', '', '', 'DJBR'),
(104, '2', 'EDDY MARQUEZ', 'INF. N? GP/AI/OTROS CI N? 01/2020', 'GESTORA', '6864', '13/3/20', '', '', '', '', '', '', '', 'DJBR'),
(105, '3', 'EDDY MARQUEZ', 'EPDEOR/AUDIN/REV-001/2020', 'EPDEOR', '8084', '15/6/20', '16/6/20', '', '', '', '', '', '', 'DJBR'),
(106, '2', 'ELENA MALLON', 'N? SO/IAI/B-02/2020', 'SELA', '4862', '27/2/20', '', '', '', '', '', '', '', 'DJBR'),
(107, '3', 'ELENA MALLON', 'N? EASBA-UAI-INF-N? 002/2020', 'EASBA', '5133', '28/2/20', '', '', '', '', '', '', '', 'DJBR'),
(108, '4', 'FREDDY CRUZ', 'N? EBA/DAI/INF-AI/2020-006', 'EBA', '5301', '28/2/20', '3/9/20', 'C', '410/2020', '', '', '', '', 'DJBR'),
(109, '3', 'FREDDY CRUZ', 'INF. N? ABE-AI V-02/2020', 'ABE', '6989', '16/3/20', '', '', '', '', '', '', '', 'DJBR'),
(110, '4', 'GUSTAVO RAMIREZ', 'N?AI.N? 03/2020', 'SETAR', '5027', '28/2/20', '', '', '', '', '', '', '', 'DJBR'),
(111, '5', 'SONIA VELASQUEZ', '', 'BOLIVIA TV', '32874', '', '', '', '', '', '', '', '', 'DJBR'),
(112, '4', 'WILDER HERRERA', 'N? INF/GGE/AAI/2020-004', 'EBC', '5181', '28/2/20', '', '', '', '', '', '', '', 'DJBR'),
(113, '5', 'DELFIN PONCE', 'UAI-6/3-20', 'ENDE', '8585', '23/6/20', '29/6/20', 'C', '221/2020', '26/6/20', '482/2020', '3/7/20', '', 'DJBR'),
(114, '6', 'WILDER HERRERA', 'EMAVRA/UAI/25/2020', 'EMAVRA', '8701', '25/6/20', '39/06/2020', '', '', '', '', '', '', 'DJBR'),
(115, '5', 'EDDY MARQUEZ', 'REMITE INFORME  DAI. INF-008/2020 DJBR', 'TAB', '9034', '2/7/20', '4/7/20', '', '', '', '', '', '', 'DJBR'),
(116, '6', 'FREDDY CRUZ', 'EVALUACI?N A LOS PRNUNCIAMIENTOS DBJBR', 'EDITORIAL', '5940', '5/3/20', '4/6/20', 'C', '178/2020', '8/6/20', '387/2020', '17/6/20', '', 'DJBR'),
(117, '7', 'DELFIN PONCE', 'INF/A-004/2020 OFEP/2020-00606', 'OFEP', '8198', '16/6/20', '24/6/20', 'C', '120/2020', '25/6/20', '484/2020', '3/7/20', '', 'DJBR'),
(118, '6', 'EDDY MARQUEZ', 'YLB-AUD-INF-SEG 007/2020', 'YLB', '18031', '30/10/20', '30/10/20', '', '', '', '', '', '', 'DJBR'),
(119, '7', 'EDDY MARQUEZ', 'YLB-UD-INF-DJ 010/2020', 'YLB', '18032', '30/10/20', '30/10/20', '', '', '', '', '', '', 'DJBR'),
(120, '8', 'GUSTAVO RAMIREZ', 'INF EM/UAI-005/2020', 'MISICUNI', '18022', '30/10/20', '30/10/20', '', '', '', '', '', '', 'DJBR'),
(121, '7', 'DELFIN PONCE', 'INF DAB-UAI-002/2020', 'DAB', '10785', '3/8/20', '15/10/20', 'C', '372/2020', '9/10/20', '750/2020', '15/10/20', '', 'DJBR'),
(122, '8', 'EUSTAQUIO HUAYTA', 'INF DAI.03/2020', 'SETAR', '5027', '28/2/20', '16/10/20', 'C', '408/2020', '16/10/20', '760/2020', '19/10/20', '', 'DJBR'),
(123, '9', 'EUSTAQUIO HUAYTA', 'INF DE DJBR', 'VINTO', '5793', '4/3/20', '5/3/20', 'C', '40672020', '16/11/20', '758/2020', '19710/2020', '', 'DJBR'),
(124, '8', 'EUSTAQUIO HUAYTA', 'INF. EASBA-NE-GG-N? 117/2020', 'EASBA', '5133', '28/2/20', '3/9/20', 'C', '412/2020', '16/11/20', '764/2020', '16/10/20', '', 'DJBR'),
(125, '9', 'EUSTAQUIO HUAYTA', 'INF. EMAVIAS-UAI-004/2020', 'EMAVIAS', '4957', '28/2/20', '3/9/20', 'C', '358/2020', '16/10/20', '695/2020', '19/10/20', '', 'DJBR'),
(126, '10', 'EUSTAQUIO HUAYTA', 'INF. /GGE/AAI/2020-0031', 'EBC', '5181', '28/2/20', '03/09/23020', 'C', '409/2020', '16/10/20', '761/2020', '19/10/20', '', 'DJBR'),
(127, '9', 'EUSTAQUIO HUAYTA', 'INF ABE/AI-V-02/2020', 'ABE', '6989', '16/3/20', '3/9/20', 'C', '407/2020', '16/10/20', '759/2020', '19/10/20', '', 'DJBR'),
(128, '10', 'WILDER HERRERA', 'INF. DAI-3-004/2020', 'COMIBOL', '5079', '28/022020', '', 'C', '402/2020', '15/10/20', '756/2020', '19/10/20', '', 'DJBR'),
(129, '1', 'WILDER HERRERA', 'REMITE INFORME DE AUDITORIA OPERATIVA EMV/UAI/OPE/02/2019', 'VINTO', '31025', '', '', 'P', '', '', '', '', '', 'OPERATIVAS'),
(130, '2', 'SONIA VELASQUEZ', 'INFORME DE AUDITORIA OERACIONAL N? SO/IAI-09/2019', 'SELA', '31059', '', '', 'P', '', '', '', '', '', 'OPERATIVAS'),
(131, '3', 'GUSTAVO RAMIREZ', 'INFORME OB.GA. INF 021-19 DE AUDITORIA OPERACIONAL', 'BOA', '31340', '', '', 'P', '', '', '', '', '', 'OPERATIVAS'),
(132, '4', 'SONIA VELASQUEZ', 'REMITE INFORME DE AUDITORIA OPERACIOANAL  UAI/INF/AO/01/2019', 'BOLTUR', '31268', '', '', 'P', '', '', '', '', '', 'OPERATIVAS'),
(133, '5', 'WILDER HERRERA', 'DAI-3-0007/2019', 'COMIBOL', '32348', '26/12/20', '17/2/20', '', '', '', '', '', '', 'OPERATIVAS'),
(134, '6', 'EVA COLQUE', 'UAI/INF/AO/02/2019', 'BOLTUR', '799', '9/1/20', '15/6/20', 'C', '97/2020', '', '430/2020', '18/6/20', '', 'OPERATIVAS'),
(135, '7', 'ELENA MALLON', 'AUD. OPERACIONAL PO.1.1.3', 'DAB', '1466', '15/1/20', '18/6/20', 'C', '202/2020', '', '474/2020', '1/7/20', '', 'OPERATIVAS'),
(136, '8', 'EVA COLQUE', 'INF SENATEX/INF/UAI-018/2020', 'SENATEX', '1775', '28/10/20', '9/11/20', 'C', '', '', '', '', '', 'OPERATIVAS'),
(137, '9', 'WILDER HERRERA', 'DAIC-PO-16 SUOR-CB-05/2020', 'YPFB', '20847', '1/12/20', '1/12/20', '', '', '', '', '', '', 'OPERATIVAS'),
(138, '10', 'WILDER HERRERA', 'INF-UAI-N? 06/20', 'EMAVRA', '210022', '2/12/20', '7/12/20', '', '', '', '', '', '', 'OPERATIVAS'),
(139, '11', 'WILDER HERRERA', 'EMV/UAI/OPE/N?01/2020', 'VINTO', '21046', '2/12/20', '7/12/20', '', '', '', '', '', '', 'OPERATIVAS'),
(140, '12', 'EDDY MARQUEZ', 'YLB/AUD/INF/SEG 017/2020', 'YLB', '23663', '31/12/20', '4/1/21', '', '', '', '', '', '', 'OPERATIVAS'),
(141, '13', 'EDDY MARQUEZ', 'INF. SEDEM.INF.AI.07/2020', 'SEDEM', '23634', '31/12/20', '4/1/21', '', '', '', '', '', '', 'OPERATIVAS'),
(142, '14', 'EDDY MARQUEZ', 'INF. SEDEM.INF.AI.08/2020', 'SEDEM', '23632', '31/12/20', '4/1/20', '', '', '', '', '', '', 'OPERATIVAS'),
(143, '15', 'EDDY MARQUEZ', 'INF. SEDEM INF.AI. 10/2020', 'SEDEM', '23628', '31/12/20', '4/1/20', '', '', '', '', '', '', 'OPERATIVAS'),
(144, '16', 'EDDY MARQUEZ', 'INF SEDEM INF. INF. AI.092/2020', 'SEDEM', '23630', '31/12/20', '4/1/21', '', '', '', '', '', '', 'OPERATIVAS'),
(145, '1', 'ANDRES ORTEGA', '', 'EMAVRA', '3196', '5/2/20', '7/2/20', 'C', '53/2020', '', '230/2020', '2/3/20', '', 'ACT ANNUAL'),
(146, '2', 'ANDRES ORTEGA', '', 'ASP-B', '2813', '31/1/20', '7/2/20', 'C', '52/2020', '', '228/2020', '2/3/20', '', 'ACT ANNUAL'),
(147, '3', 'ANDRES ORTEGA', '', 'GERES', '2554', '30/1/20', '7/2/20', 'C', '65/2020', '', '227/2020', '2/3/20', '', 'ACT ANNUAL'),
(148, '4', 'ANDRES ORTEGA', '', 'EMAPAS', '1891', '21/1/20', '23/1/20', 'C', '54/2020', '', '229/2020', '2/3/20', '', 'ACT ANNUAL'),
(149, '5', 'ANDRES ORTEGA', '', 'SAMAPA', '4587', '20/2/20', '20/2/20', 'C', '64/2020', '', '254/2020', '2/3/20', '', 'ACT ANNUAL'),
(150, '6', 'ANDRES ORTEGA', '', 'QUIPUS', '6667', '11/3/20', '13/3/20', 'C', '100/2020', '', '280/2020', '16/3/20', '', 'ACT ANNUAL'),
(151, '7', 'ANDRES ORTEGA', '', 'MUTUN', '6129', '9/3/20', '10/3/20', 'C', '94/2020', '', '276/2020', '13/3/20', '', 'ACT ANNUAL'),
(152, '8', 'DELFIN PONCE', '', 'MI TELEFERICO', '2876', '31/1/20', '10/2/20', 'C', '34/2020', '', '222/2020', '2/3/20', '', 'ACT ANNUAL'),
(153, '9', 'DELFIN PONCE', '', 'ENDE', '3200', '5/2/20', '10/2/20', 'C', '31/2020', '', '224/2020', '2/3/20', '', 'ACT ANNUAL'),
(154, '10', 'DELFIN PONCE', '', 'DAB', '2868', '31/1/20', '10/2/20', 'C', '24/2020', '', '223/2020', '2/3/20', '', 'ACT ANNUAL'),
(155, '11', 'DELFIN PONCE', '', 'BOLIVIA TV', '2866', '31/1/20', '10/2/20', 'C', '23/2020', '', '225/2020', '2/3/20', '', 'ACT ANNUAL'),
(156, '12', 'DELFIN PONCE', '', 'OFEP', '2871', '31/1/20', '10/2/20', 'C', '14/2020', '', '221/2020', '2/3/20', '', 'ACT ANNUAL'),
(157, '13', 'DELFIN PONCE', '', 'COFADENA', '2402', '28/1/20', '2/2/20', 'C', '15/2020', '', '226/2020', '2/3/20', '', 'ACT ANNUAL'),
(158, '14', 'DELFIN PONCE', '', 'ENFE', '2004', '23/1/20', '24/1/20', 'C', '33/2020', '', '220/2020', '2/3/20', '', 'ACT ANNUAL'),
(159, '15', 'EDDY MARQUEZ', '', 'SEDEM', '2833', '31/1/20', '7/2/20', 'C', 'CGE/SCEP/INF-030/2020', '', 'CGE/SCEP-244/2020', '03/03/2020', '', 'ACT ANNUAL'),
(160, '16', 'EDDY MARQUEZ', '', 'EPDEOR', '2941', '3/2/20', '7/2/20', 'C', 'CGE/SCEP/INF-027/2020', '', 'CGE/SCEP-245/2020', '03/03/2020', '', 'ACT ANNUAL'),
(161, '17', 'EDDY MARQUEZ', '', 'TAB', '2684', '31/1/20', '7/2/20', 'C', 'CGE/SCEP/INF-028/2020', '', 'CGE/SCEP-242/2020', '03/03/2020', '', 'ACT ANNUAL'),
(162, '18', 'EDDY MARQUEZ', '', 'GESTORA', '2002', '23/01/2020', '23/01/2020', 'C', 'CGE/SCEP/INF-029/2020', '', 'CGE/SCEP-243/2020', '03/03/2020', '', 'ACT ANNUAL'),
(163, '19', 'ELENA MALLON', '', 'SETAR', '2430', '29/1/20', '6/2/20', 'C', '59/2020', '', '241/2020', '2/3/20', '', 'ACT ANNUAL'),
(164, '20', 'ELENA MALLON', '', 'EASBA', '3352', '6/2/20', '7/2/20', 'C', '57/2020', '', '239/2020', '', '', 'ACT ANNUAL'),
(165, '21', 'ELENA MALLON', '', 'BOA', '3100', '4/2/20', '7/2/20', 'C', '56/2020', '', '238/2020', '2/3/20', '', 'ACT ANNUAL'),
(166, '22', 'ELENA MALLON', '', 'YPFB', '2848', '31/1/20', '7/2/20', 'C', '58/2020', '', '240/2020', '6/3/20', '', 'ACT ANNUAL'),
(167, '23', 'ELENA MALLON', '', 'EMTAGAS', '2901', '31/1/20', '7/2/20', 'C', '55/2020', '', '237/2020', '2/3/20', '', 'ACT ANNUAL'),
(168, '24', 'FREDDY CRUZ', '', 'EBA', '2864', '31/1/20', '7/2/20', 'C', '16/2020', '', '234/2020', '2/3/20', '', 'ACT ANNUAL'),
(169, '25', 'FREDDY CRUZ', '', 'EMAPA', '2845', '31/1/20', '7/2/20', 'C', '17/2020', '', '235/2020', '2/3/02', '', 'ACT ANNUAL'),
(170, '26', 'FREDDY CRUZ', '', 'ABE', '2828', '31/1/20', '17/2/20', 'C', '25/2020', '', '232/2020', '2/3/20', '', 'ACT ANNUAL'),
(171, '27', 'FREDDY CRUZ', '', 'EDITORIAL', '1622', '17/1/20', '17/1/20', 'C', '18/2020', '', '233/2020', '2/3/20', '', 'ACT ANNUAL'),
(172, '28', 'GUSTAVO RAMIREZ', '', 'SENATEX', '2948', '3/2/20', '19/2/20', 'C', '63/2020', '', '253/2020', '2/3/20', '', 'ACT ANNUAL'),
(173, '29', 'GUSTAVO RAMIREZ', '', 'SEMAPA', '2705', '31/1/20', '19/2/20', 'C', '60/2020', '', '250/2020', '2/3/20', '', 'ACT ANNUAL'),
(174, '30', 'GUSTAVO RAMIREZ', '', 'EMSA', '4361', '18/2/20', '19/2/20', 'C', '62/2020', '', '252/2020', '2/3/20', '', 'ACT ANNUAL'),
(175, '31', 'GUSTAVO RAMIREZ', '', 'MISICUNI', '2722', '31/1/20', '17/2/20', 'C', '61/2020', '', '251/2020', '2/3/20', '', 'ACT ANNUAL'),
(176, '32', 'SONIA VELASQUEZ', '', 'BOLTUR', '2860', '31/1/20', '18/2/20', 'C', '45/2020', '', '207/2020', '26/2/20', '', 'ACT ANNUAL'),
(177, '33', 'SONIA VELASQUEZ', '', 'ELAPAS', '2900', '31/1/20', '17/2/20', 'C', '46/2020', '', '205/2020', '26/2/20', '', 'ACT ANNUAL'),
(178, '34', 'SONIA VELASQUEZ', '', 'SELA', '3151', '5/2/20', '17/2/20', 'C', '44/2020', '', '206/2020', '26/2/20', '', 'ACT ANNUAL'),
(179, '35', 'WILDER HERRERA', '', 'VINTO', '2693', '31/1/20', '7/2/20', 'C', '20/2020', '', '247/2020', '2/3/20', '', 'ACT ANNUAL'),
(180, '36', 'WILDER HERRERA', '', 'EMAVERDE', '2672', '31/1/20', '7/2/20', 'C', '26/2020', '', '248/2020', '2/3/20', '', 'ACT ANNUAL'),
(181, '37', 'WILDER HERRERA', '', 'EMAVIAS', '60', '2/1/20', '3/1/20', 'C', '19/2020', '', '249/2020', '2/3/20', '', 'ACT ANNUAL'),
(182, '38', 'WILDER HERRERA', '', 'COMIBOL', '2749', '31/1/20', '17/2/20', 'P', '', '', '', '', '', 'ACT ANNUAL'),
(183, '39', 'WILDER HERRERA', '', 'YLB', '7083', '17/3/20', '18/3/20', 'C', '103/2020', '', '284/2020', '19/3/20', '', 'ACT ANNUAL'),
(184, '40', 'WILDER HERRERA', '', 'AAPOS', '5816', '5/3/20', '5/6/20', 'C', '166/2020', '', '478/2020', '1/7/20', '', 'ACT ANNUAL'),
(185, '41', 'WILDER HERRERA', '', 'EBC', '6017', '6/3/20', '5/6/20', 'C', '165/2020', '', '467/2020', '30/6/20', '', 'ACT ANNUAL'),
(186, '41', 'GUSTAVO RAMIREZ', '', 'EMAVERDE (REFORMULADO)', '8935', '30/6/20', '1/7/20', 'C', '279/2020', '', '530/2020', '4/8/20', '', 'ACT ANNUAL'),
(187, '1', 'EDDY  MARQUEZ', 'INF. GP/AI/SEG. N? 001/2020', 'GESTORA', '6864', '13/3/20', '', '', '', '', '', '', '', 'SEGUIMIENTO'),
(188, '2', 'EDDY  MARQUEZ', 'INF GP/AI/SEG. N? 002/2020', 'GESTORA', '6864', '13/3/20', '', '', '', '', '', '', '', 'SEGUIMIENTO'),
(189, '3', 'ELENA MALLON', 'SEGUIMIENTO N? SO/IAI/B-03/2020 ', 'SELA', '4862', '27/2/20', '28/2/20', '', '', '', '', '', '', 'SEGUIMIENTO'),
(190, '4', 'ELENA MALLON', 'SEG. INF. N? I.A.I. 01/20,  2? SEG. AL INF  N? I.A.I. 03/18', 'ELAPAS', '5423', '2/3/20', '10/3/20', '', '', '', '', '', '', 'SEGUIMIENTO'),
(191, '5', 'ELENA MALLON', 'SEG . EASBA-UAI-INF- N?004/2020,   AL  INFORME DE AUD. INDEP. SOBRE SOBRE LA EVALUACION DEL SISTEMA DE CONTROL INTERNO PRASTICADO A LA EMPRESA AZUCARERA EASBA', 'EASBA', '5133', '28/2/20', '10/3/20', '', '', '', '', '', '', 'SEGUIMIENTO'),
(192, '6', 'ELENA MALLON', 'EASBA-UAI-INF-N| 003/2020 1? SEG. AL INF. DE AUDITORIA INTERNA EASBA-UAI-INF-N?004 ', 'EASBA', '5133', '28/2/20', '10/3/20', '', '', '', '', '', '', 'SEGUIMIENTO'),
(193, '7', 'EVA COLQUE', 'SEGUMIENTO SOBRE LA IMPLANTACION DE RECOMENDACIONES DEL INFORME DE CONTROL INTERNO DE AUDITORIA DE CONF.', 'SEMAPA', '33', '2/1/20', '3/1/20', 'C', '', '', '518/2020', '28/7/20', '', 'SEGUIMIENTO'),
(194, '8', 'EVA COLQUE', 'SEGUIMEINTO SOBRE IMPLANTACION DE RECOMENDACIONES DEL INFORME DE CONTROL INTERNO CONFIABILIDAD', 'SEMAPA', '34', '2/1/20', '3/1/20', '', '', '', '', '', '', 'SEGUIMIENTO'),
(195, '9', 'EVA COLQUE', 'INF. UAI-N? 006/2020 SEGUIMIENTO AL INFORME UAI-N| 003/2019', 'EMAPAS', '5194', '28/2/20', '10/3/20', '', '', '', '', '', '', 'SEGUIMIENTO'),
(196, '10', 'FREDDY CRUZ', 'SEGUIMIENTO UAI-SEG-003-2020', 'EMAPAS', '3799', '11/2/20', '17/2/20', 'C', '', '', '214/2020', '2/3/20', '', 'SEGUIMIENTO'),
(197, '11', 'FREDDY CRUZ', 'SEG. EBA/UAI/INF-AI/2019-02', 'EBA', '5303', '28/2/20', '10/3/20', 'C', '', '', '361/2020', '16/6/20', '', 'SEGUIMIENTO'),
(198, '12', 'FREDDY CRUZ', 'INF.  EBA/DAI/INF-AI/2020-08 PRIMER SEG. AL INFORME EBA/UAI/INF-AI/2019-04 ', 'EBA', '5302', '28/2/20', '10/3/20', '', '', '', '', '', '', 'SEGUIMIENTO'),
(199, '13', 'FREDDY CRUZ', 'INF. AL SEG. NROS ABE-AI S-01/2020 Y ABE-AI S-02/2020', 'ABE', '6988', '16/3/20', '4/6/20', 'C', '', '', '370/2020', '16/6/20', '', 'SEGUIMIENTO'),
(200, '14', 'FREDDY CRUZ', 'INF. ABE-AI S-02/2020', 'ABE', '6988', '16/3/20', '', '', '', '', '', '', '', 'SEGUIMIENTO'),
(201, '15', 'FREDDY CRUZ', 'INF. ABE-AI S-03/2020', 'ABE', '6988', '16/3/20', '', '', '', '', '', '', '', 'SEGUIMIENTO'),
(202, '16', 'FREDDY CRUZ', 'INF.  EDITORIAL/UAI/INF 004/2020', 'EDITORIAL', '5939', '5/3/20', '', '', '', '', '', '', '', 'SEGUIMIENTO'),
(203, '17', 'GUSTAVO RAMIREZ', 'INF. DAI. N? 02/2019 PRIMER SEG.  AL INF.  INF.DAI.02/2019', 'SETAR', '5026', '28/2/20', '10/3/20', '', '', '', '', '', '', 'SEGUIMIENTO'),
(204, '18', 'GUSTAVO RAMIREZ', 'INF. DAI. N? 02/2018 -S2 SEGUNDO SEG.  AL INF. DAI.02/2018-CI', 'SETAR', '5026', '28/2/20', '10/3/20', '', '', '', '', '', '', 'SEGUIMIENTO'),
(205, '19', 'GUSTAVO RAMIREZ', 'INF. DAI.N? 03/2018 Y INF. DAI.N? 03/2018 PRIMER SEG. A RECOMENDACIONES SOBRE LA REVISION DEL CUMPLIMIENTO DE DJBR GESTION 2018', 'SETAR', '5026', '28/2/20', '10/3/20', '', '', '', '', '', '', 'SEGUIMIENTO'),
(206, '20', 'GUSTAVO RAMIREZ', 'INF. DAI. N? 04/2019-S1 PRIMER SEG. A LA AUDITORIA ESPECIAL DEL CUMPL. DEL PROCDIMIENTO ESPF. PARA EL CONTROL Y DATOS LIQUIDADOS EN LAS PLANILLAS SALARIALES', 'SETAR', '5026', '28/2/20', '10/3/20', '', '', '', '', '', '', 'SEGUIMIENTO'),
(207, '21', 'GUSTAVO RAMIREZ', 'INF.DAI.N? 06/2018-S2 SEGUNDO SEG. A INF. DAI.N?06/2018-C1', 'SETAR', '5026', '28/2/20', '10/3/20', '', '', '', '', '', '', 'SEGUIMIENTO'),
(208, '22', 'SONIA VELASQUEZ', 'SEGUIMIENTO AUD. OPERATIVA BOLTUR UAI-S-10/2019', 'BOLTUR', '2651', '30/1/20', '7/2/20', 'C', '', '', '362/2020', '16/6/20', '', 'SEGUIMIENTO'),
(209, '23', 'WILDER HERRERA', 'INF. N? DAI-2-001/2020 PRIMER SEG. AL CUMPLIMIENTO DEL INF. DAI-3-003/2019', 'COMIBOL', '5079', '28/2/20', '10/3/20', '', '', '', '', '', '', 'SEGUIMIENTO'),
(210, '24', 'WILDER HERRERA', 'INF. DAI-2-002/2020 SEGUNDO SEG. AL CUMPLIMIENTO DEL INF. DAI-3-003/2018', 'COMIBOL', '5079', '28/2/20', '10/3/20', '', '', '', '', '', '', 'SEGUIMIENTO'),
(211, '25', 'EDDY  MARQUEZ', 'INF EPDEOR/AUDIN/REV/S-001/2020', 'EPDEOR', '8085', '15/6/20', '16/6/20', '', '', '', '', '', '', 'SEGUIMIENTO'),
(212, '26', 'EDDY  MARQUEZ', 'INF-AI-03 Y 04/2020', 'SEDEM', '8267', '17/6/20', '18/6/20', '', '', '', '', '', '', 'SEGUIMIENTO'),
(213, '27', 'EUSTAQUIO HUAYTA', 'A INF BOLTUR /UAI-S-01/2020 CONF', 'BOLTUR', '9868', '14/7/20', '14/7/20', '', '', '', '', '', '', 'SEGUIMIENTO'),
(214, '28', 'EUSTAQUIO HUAYTA', 'PRIMER SEG. AL CUMPL. DE LAS RECOMENDACIONES DEL INFORME BOLIVIA TV-UAI N| 003/2019 EMERGENTE DE LA AUD. DE CONFIABILIDAD DE EE.FF. 2018  INFORME BOLIVIA TV.UAI N?003/2020', 'BOLIVIA TV', '9945', '15/7/20', '21/7/20', '', '', '', '', '', '', 'SEGUIMIENTO'),
(215, '29', 'ANDRES ORTEGA', '1? SEGUMIENTO A INFORME DE CONTROL ESM/UAI/I N? 003/2019 REFERNTE A LA CONFIAB. EE.FF.2018', 'MUTUN', '10206', '22/7/20', '22/7/20', '', '', '', '', '', '', 'SEGUIMIENTO'),
(216, '30', 'EDDY  MARQUEZ', 'INFORME DAI-INF-006/2020 SEGUIMIENTODAI INF-004/2019 DE CONFIABILIDAD', 'TAB', '9037', '2/7/20', '2/7/20', '', '', '', '', '', '', 'SEGUIMIENTO'),
(217, '31', 'GUSTAVO RAMIREZ', '2 ? SEG. A INF. EM/UAI/002/2018', 'MISICUNI', '13452', '8/9/20', '9/9/20', '', '', '', '', '', '', 'SEGUIMIENTO'),
(218, '32', 'GUSTAVO RAMIREZ', '1? SEG. INF. EM/UAI/003/2020', 'MISICUNI', '13453', '8/9/20', '9/9/20', '', '', '', '', '', '', 'SEGUIMIENTO'),
(219, '33', 'GUSTAVO RAMIREZ', '1? SEG. INFORME DEL AUDITOR INTERNO N? EM/UAI/005/2020', 'MISICUNI', '18022', '30/10/20', '30/10/20', '', '', '', '', '', '', 'SEGUIMIENTO'),
(220, '34', 'ANDRES ORTEGA', 'EBIH/INF-UAI-05/2020', 'EBIH', '18029', '30/10/20', '30/10/20', '', '', '', '', '', '', 'SEGUIMIENTO'),
(221, '35', 'EUSTAQUIO HUAYTA', 'REMITE PRIMER SEGUMIENTO BOLTUR UAI-S-03/2020 A LA AUD. OPERATIVA SOBRE EFICACIA A LOS PROCESOS, OPERACIONES Y ACTIVIDADES', 'BOLTUR', '18398', '5/11/20', '9/11/20', '', '', '', '', '', '', 'SEGUIMIENTO'),
(222, '36', 'EUSTAQUIO HUAYTA', 'REM. SEGUNDO SEGUIMIENTO BOLTUR/UAI S-05/2020 SOBRE GESTION 2018', 'BOLTUR', '18457', '5/11/20', '9/11/20', '', '', '', '', '', '', 'SEGUIMIENTO'),
(223, '37', 'EUSTAQUIO HUAYTA', 'PRIMER SEG. BOLTURUAI/S-04/2020', 'BOLTUR', '18399', '5/11/20', '9/11/20', '', '', '', '', '', '', 'SEGUIMIENTO'),
(224, '38', 'EDDY  MARQUEZ', 'PRIMER SEG. GP/AI/SEG.N?006/2020', 'GESTORA', '18644', '6/11/20', '9/11/20', '', '', '', '', '', '', 'SEGUIMIENTO'),
(225, '39', 'EDDY  MARQUEZ', 'REM. SEG. N? GESTORA-UAI N?17/2018', 'GESTORA', '18643', '6/11/20', '9/11/20', '', '', '', '', '', '', 'SEGUIMIENTO'),
(226, '40', 'EDDY  MARQUEZ', 'REM. GPA/SEG-005/2020', 'GESTORA', '18642', '6/11/20', '9/11/20', '', '', '', '', '', '', 'SEGUIMIENTO'),
(227, '41', 'DELDIN PONCE', 'DAB/UAI N 007/2020', 'DAB', '20762', '30/11/20', '1/12/20', '', '', '', '', '', '', 'SEGUIMIENTO'),
(228, '42', 'GUSTAVO RAMIREZ', 'AUD-INT.IAS N? 03/2020', 'EMTAGAS', '20721', '30/11/20', '1/12/20', '', '', '', '', '', '', 'SEGUIMIENTO'),
(229, '43', 'GUSTAVO RAMIREZ', 'AUD.IN.IAS. N? 04/2020', 'EMTAGAS', '20719', '30/11/20', '1/12/20', '', '', '', '', '', '', 'SEGUIMIENTO'),
(230, '44', 'GUSTAVO RAMIREZ', 'EM/UAI/007/2020', 'MISICUNI', '20881', '1/12/20', '2/12/20', '', '', '', '', '', '', 'SEGUIMIENTO'),
(231, '45', 'ELENA MALLON', 'SO/IAI/B-06/2020', 'SELA', '20654', '27/11/20', '28/11/20', '', '', '', '', '', '', 'SEGUIMIENTO'),
(232, '46', 'ELENA MALLON', 'INF/SO IA/B-07/2020', 'SELA', '20659', '27/11/20', '28/11/20', '', '', '', '', '', '', 'SEGUIMIENTO'),
(233, '47', 'WILDER HERRERA', 'INF. UAI N?0318', 'EMAVRA', '21022', '2/12/20', '7/12/20', '', '', '', '', '', '', 'SEGUIMIENTO'),
(234, '48', 'ESUTAQUIO HUAYTA', 'INF. N? BOLTUR UAI-S-06/2020', 'BOLTUR', '21237', '4/12/20', '7/12/20', '', '', '', '', '', '', 'SEGUIMIENTO'),
(235, '49', 'DELDIN PONCE', 'INF. DAB-UAI-002', 'DAB', '10785', '31/7/20', '15/10/20', '', '', '', '', '', '', 'SEGUIMIENTO'),
(236, '50', 'DELDIN PONCE', 'INF. DAB/G.G. N? 544/2020', 'DAB', '12318', '15/10/20', '15/10/20', '', '', '', '', '', '', 'SEGUIMIENTO'),
(237, '51', 'EVA COLQUE', 'REMITEINFORME DE SEGUIMIENTO', 'GERES', '17588', '26/10/20', '28/10/20', 'C', '', '', 'CGE/SCEP-795/2020', '28/10/20', '', 'SEGUIMIENTO'),
(238, '52', 'WILDER HERRERA', 'INF. DAI-3-002/2020', 'COMIBOL', '5079', '28/2/20', '5/6/20', 'C', '', '', '740/2020', '14/10/20', '', 'SEGUIMIENTO'),
(239, '53', 'EUSTAQUIO HUAYTA', 'INF. BTV-UAI Nros. 003/20, 004/20, 005/20', 'BOLIVIA TV', '9945', '15/7/20', '21/7/20', 'C', '', '', '829/2020', '19/11/20', '', 'SEGUIMIENTO'),
(240, '54', 'EDDY  MARQUEZ', 'INF. YLB/AUD/INF/SEG 018/2020', 'YLB', '23662', '31/12/20', '4/1/21', '', '', '', '', '', '', 'SEGUIMIENTO'),
(241, '1', 'WILDER HERRERA ', 'REMITE INFORME INF/GGE/AAI/2020-0013', 'EBC', '10198', '22/7/20', '22/7/20', '', '', '', '', '', '', 'INF SEMESTRAL'),
(242, '2', 'GUSTAVO RAMIREZ', 'INF. DAI N? 02/2020-IA', 'SETAR', '10993', '4/8/20', '12/10/20', 'C', '383/2020', '12/10/20', '708/2020', '12/10/20', '', 'INF SEMESTRAL'),
(243, '3', 'FREDY CRUZ', 'INF. ASPB-B/UAI/INF-IS-007/2020', 'ASP-B', '10618', '29/7/20', '29/7/20', 'C', '379/2020', '12/10/20', '697/2002', '13/10/20', '', 'INF SEMESTRAL'),
(244, '4', 'FREDY CRUZ', 'INF. N? UAI-007/2020', 'EMAPAS', '10842', '31/7/20', '03/08/220', 'C', '381/2020', '12/10/20', '381/2020', '13/10/20', '', 'INF SEMESTRAL'),
(245, '5', 'GUSTAVO RAMIREZ', 'INF. SEMESTRAL', 'EMTAGAS', '10697', '30/7/20', '3/8/20', 'C', '382/2020', '12/10/20', '707/2020', '12/10/20', '', 'INF SEMESTRAL'),
(246, '6', 'EUSTAQUIO HUAYTA', 'INF. SAM/AI/INF/004/2020', 'SAMAPA', '16737', '15/10/20', '15/10/20', 'C', '405/2020', '16/10/20', '757/2020', '19/10/20', '', 'INF SEMESTRAL'),
(247, '7', 'DELFIN PONCE', 'INF. SEMETRAL', 'ENFE', '10640', '30/7/20', '30/07/200', 'C', '364/2020', '8/10/20', '700/2020', '13/10/20', '', 'INF SEMESTRAL'),
(248, '8', 'FREDY CRUZ', 'INF. EDITORIAL/UAI/INF. N?005/2020', 'EDITORIAL', '10645', '30/7/20', '31/7/20', 'C', '380/2020', '12/10/20', '698/2020', '13/10/20', '', 'INF SEMESTRAL'),
(249, '9', 'EDDY MARQUEZ', 'SEDEM.INF.AI.06/2020', 'SEDEM', '10670', '30/7/20', '31/7/20', 'C', '392/2020', '12/10/20', '725/2020', '13/10/20', '', 'INF SEMESTRAL'),
(250, '10', 'DELFIN PONCE', 'INF SEMESTRAL', 'ENDE', '11171', '5/8/20', '13/8/20', 'C', '361/2020', '8/10/20', '704/2020', '8/10/20', '', 'INF SEMESTRAL'),
(251, '11', 'FREDDY CRUZ', 'EBA-UAI-011/2020', 'EBA', '10819', '31/7/20', '13/8/20', 'C', '378/2020', '12/10/20', '696/2020', '13/10/20', '', 'INF SEMESTRAL'),
(252, '12', 'EDDY MARQUEZ', 'DAI./INF.N?0010/2020', 'TAB', '14300', '16/9/20', '16/9/20', 'C', '376/2020', '12/10/20', '715/2020', '13/10/20', '', 'INF SEMESTRAL'),
(253, '13', 'EUSTAQUIO HUAYTA', 'GE-NAS-0066-INF/20', 'MI TELEFERICO', '16689', '14/10/20', '15/10/20', 'C', '416/2020', '20/10/20', '771/2020', '20/10/20', '', 'INF SEMESTRAL'),
(254, '14', 'DELFIN PONCE', 'DAB/UAI-IA No. 002/2020', 'DAB', '10849', '31/7/20', '22/9/20', 'C', '363/2020', '8/10/20', '721/2020', '13/10/20', '', 'INF SEMESTRAL'),
(255, '15', 'EDDY MARQUEZ', 'GP/AI/ACT.ADM.N? 003/2020', 'GESTORA', '10695', '30/7/20', '31/7/20', 'C', '374/2020', '12/10/20', '717/2002', '13/10/20', '', 'INF SEMESTRAL'),
(256, '16', 'EVA COLQUE', 'UAI N? 006/2020', 'GERES', '11158', '5/8/20', '10/8/20', 'C', '387/2020', '12/10/20', '729/2020', '12/10/20', '', 'INF SEMESTRAL'),
(257, '17', 'DELFIN PONCE', 'INF.UAI.N?008/2020', 'COFADENA', '12424', '27/8/20', '8/10/20', 'C', '362/2020', '8/10/20', '702/2020', '13/10/20', '', 'INF SEMESTRAL'),
(258, '18', 'EVA COLQUE', 'UAI- N? 011/2020', 'EMAPA', '10874', '3/8/20', '3/8/20', 'C', '389/2020', '12/10/20', '731/2020', '13/10/20', '', 'INF SEMESTRAL'),
(259, '19', 'WILDER HERRERA ', 'DAI-320/2020', 'COMIBOL', '10683', '30/7/20', '9/10/20', 'C', '371/2020', '9/10/20', '712/2020', '12/10/20', '', 'INF SEMESTRAL'),
(260, '20', '', '', 'SEMAPA', '11211', '10/8/20', '10/8/20', 'C', '388/2020', '12/10/20', '730/2020', '13/10/20', '', 'INF SEMESTRAL'),
(261, '21', 'ELENA MALLON', 'INF SEMESTRAL', 'ELAPAS', '171', '3/8/20', '3/8/20', 'C', '396/2020', '13/10/20', '735/2020', '14/10/20', '', 'INF SEMESTRAL'),
(262, '22', 'WILDER HERRERA ', 'INF/GGE/AAI/2020-0013/I/2020-1792', 'EBC', '10198', '22/7/20', '9/10/20', 'C', '369/2020', '6/9/20', '711/2020', '12/10/20', '', 'INF SEMESTRAL'),
(263, '23', 'ANDRES ORTEGA', 'QUIPUS/UAI/INF-A N? 001/2020', 'QUIPUS', '11610', '14/8/20', '17/8/20', 'C', '393/2020', '13/10/20', '726/2020', '13/10/20', '', 'INF SEMESTRAL'),
(264, '24', 'WILDER HERRERA ', 'EMV/UAI/63/20', 'VINTO', '12151', '25/8/20', '31/8/20', 'C', '368/2020', '9/10/20', '709/2020', '12/10/20', '', 'INF SEMESTRAL'),
(265, '25', 'GUSTAVO RAMIREZ', 'INF.SEMETRAL', 'MISICUNI', '16956', '19/10/20', '22/10/20', 'C', '417/2020', '22/10/20', '775/2020', '22/10/20', '', 'INF SEMESTRAL'),
(266, '26', 'EUSTAQUIO HUAYTA', 'CITE GE-JAI-016-INF/20', 'BOLTUR', '10693', '30/7/20', '3/9/20', 'C', '385/2020', '12/10/20', '719/2020', '13/10/20', '', 'INF SEMESTRAL'),
(267, '27', 'ANDRES ORTEGA', 'EBIH/UAI/INF-ADM/ N? 01/2020', 'EBIH', '11053', '5/6/20', '05/08/220', 'C', '394/2020', '13/10/20', '727/2020', '13/10/20', '', 'INF SEMESTRAL'),
(268, '28', 'ANDRES ORTEGA', 'ESM/UIA/I N? 005/2020', 'MUTUN', '10205', '22/7/20', '22/7/20', 'C', '391/2020', '13/10/20', '723/2020', '15/10/20', '', 'INF SEMESTRAL'),
(269, '29', 'WILDER HERRERA ', 'EMAVIAS-UAI-006/2020', 'EMAVIAS', '10673', '30/7/20', '31/8/20', 'C', '370/2020', '9/10/20', '710/2020', '12/10/20', '', 'INF SEMESTRAL'),
(270, '30', 'EUSTAQUIO HUAYTA', 'BOLIVIA TV-UAI N? 007/2020', 'BOLIVIA TV', '10803', '31/7/20', '3/9/20', 'C', '384/2020', '12/10/20', '718/2020', '12/10/20', '', 'INF SEMESTRAL'),
(271, '31', 'EDDY MARQUEZ', 'INF. SEMESTRAL', 'EPDEOR', '11540', '14/8/20', '12/10/20', 'C', '375/2020', '12/10/20', '716/2020', '13/10/20', '', 'INF SEMESTRAL'),
(272, '32', 'DELFIN PONCE', 'INF/AI N? 0005/2020 OFEP', 'OFEP', '10834', '31/7/20', '13/10/20', 'C', '360/2020', '8/10/20', '703/2020', '13/10/20', '', 'INF SEMESTRAL'),
(273, '33', 'EUSTAQUIO HUAYTA', 'EMAVERDE/GG/UAI/N? 004/2020', 'EMAVERDE', '10649', '30/7/20', '3/9/20', 'C', '386/2020', '12/10/20', '720/2020', '13/10/20', '', 'INF SEMESTRAL'),
(274, '34', 'EVA COLQUE', 'INF. SEMESTRAL DE ACTV.', 'EMSA', '17299', '22/10/20', '23/10/20', 'C', '422/2020', '26/10/20', '794/2020', '28/10/20', '', 'INF SEMESTRAL'),
(275, '35', 'SONIA VELASQUEZ', 'INF. SEMESTRAL DE ACTV.', 'BOA', '17371', '23/10/20', '23/10/20', 'C', '425/2020', '6/11/20', '806/2020', '9/11/20', '', 'INF SEMESTRAL'),
(276, '36', 'WILDER HERRERA ', 'INF  EMAVRA UAI-032/2020', 'EMAVRA', '11161', '5/8/20', '31/8/20', 'C', '367/2020', '9/10/20', '713/2020', '12/10/20', '', 'INF SEMESTRAL'),
(277, '37', 'FREDDY CRUZ', 'INF. ABE7AI -03/2020', 'ABE', '16753', '15/10/20', '16/10/20', 'C', '404/2020', '16/10/20', '754/2020', '19/10/20', '', 'INF SEMESTRAL'),
(278, '1', 'SONIA VELASQUEZ', 'CD-DAIC-RV-02 SUOC-LP-02/2020', 'YPFB', '2938', '3/2/20', '7/2/20', 'C', '130/2020', '9/6/20', '304/2020', '9/6/20', '', 'CONTRATACION DIRECTA'),
(279, '2', 'SONIA VELASQUEZ', 'CD-UAI-II-001/2020', 'EMAPA', '2844', '31/1/20', '7/2/20', 'C', '135/2020', '9/6/20', '309/2020', '9/6/20', '', 'CONTRATACION DIRECTA'),
(280, '3', 'EDDY MARQUEZ', 'O- ATENCION ANOTA CGE/SCEP-008/2020 ', 'SEDEM', '2846', '31/1/20', '7/2/20', '', '', '', '', '', '', 'CONTRATACION DIRECTA'),
(281, '4', 'SONIA VELASQUEZ', 'CD-DAIC-RV-01 SUOC-LP-01/2020', 'YPFB', '1493', '16/1/20', '10/2/20', 'C', '130/2020', '9/6/20', '304/2020', '9/6/20', '', 'CONTRATACION DIRECTA'),
(282, '5', 'SONIA VELASQUEZ', 'CD-ABE AI C-01/2020', 'ABE', '4150', '14/2/20', '17/2/20', 'C', '133/2020', '9/6/20', '307/2020', '9/6/20', '', 'CONTRATACION DIRECTA'),
(283, '6', 'SONIA VELASQUEZ', 'CD-DAIC-R-03 SUOC-LP-03/2020', 'YPFB', '4151', '14/2/20', '17/2/20', 'C', '130/2020', '9/6/20', '304/2020', '9/6/20', '', 'CONTRATACION DIRECTA'),
(284, '7', 'DELFIN PONCE', 'CD-UAI-EPCD 01/20', 'ENDE', '3865', '12/2/20', '17/2/20', 'C', '132/2020', '9/6/20', '311/2020', '09/06/200', '', 'CONTRATACION DIRECTA'),
(285, '8', 'SONIA VELASQUEZ', 'CD-EBA/UAI/INF-AI/2020-003', 'EBA', '4275', '17/2/20', '18/2/20', '', '', '', '', '', '', 'CONTRATACION DIRECTA'),
(286, '9', 'ELENA MALLON', 'CD- DAIC-RV-04 SUOC-LP-04/2020', 'YLB', '4923', '27/2/20', '28/2/20', '', '', '', '', '', '', 'CONTRATACION DIRECTA'),
(287, '10', 'SONIA VELASQUEZ', 'CD-DAIC-RV-05 SUOC-LP-05/2020', 'YPFB', '5347', '28/2/20', '3/3/20', 'C', '130/2020', '9/6/20', '304/2020', '9/6/20', '', 'CONTRATACION DIRECTA'),
(288, '11', 'SONIA VELASQUEZ', 'CD- ASP-B/UAI/INF-CD-004/2020', 'ASP-B', '5086', '28/2/20', '3/3/20', '', '', '', '', '', '', 'CONTRATACION DIRECTA'),
(289, '12', 'SONIA VELASQUEZ', 'CD-INF-UAI-EPCD-N? 02/20', 'ENDE', '6593', '11/3/20', '13/3/20', 'C', '132/2020', '9/6/20', '311/2020', '09/06/200', '', 'CONTRATACION DIRECTA'),
(290, '13', 'SONIA VELASQUEZ', 'CD-INF F-3008  BTV-UAI-F N? 001/2020', 'BOLIVIA TV', '5704', '4/3/20', '4/6/20', 'C', '175/2020', '12/6/20', '', '', '', 'CONTRATACION DIRECTA'),
(291, '14', 'SONIA VELASQUEZ', 'CD- DAIC-RV-06 SUOC-LP 06/2020', 'YPFB', '5904', '5/3/20', '4/6/20', 'C', '436/2020', '11/11/20', '814/2020', '11/11/20', '', 'CONTRATACION DIRECTA'),
(292, '15', 'SONIA VELASQUEZ', 'CD-ABE-AI-03/22020 ', 'ABE', '7173', '19/3/20', '5/6/20', 'C', '174/2020', '18/6/20', '385/2020', '18/6/20', '', 'CONTRATACION DIRECTA'),
(293, '16', 'SONIA VELASQUEZ', 'CD EMV-UAI-INF F3008 01/2020', 'VINTO', '8075', '15/6/20', '16/6/20', 'C', '226/2020', '30/6/20', '477/2020', '1/7/20', '', 'CONTRATACION DIRECTA'),
(294, '17', 'SONIA VELASQUEZ', 'CD-REM INF. DE CONTRATCION DIRECTA', 'ABE', '', '', '', '', '', '', '', '', '', 'CONTRATACION DIRECTA'),
(295, '18', 'SONIA VELASQUEZ', 'CD- EASBA-UAI-INF-07,08,09/2020 DE LA UAI', 'EASBA', '8984', '1/7/20', '2/7/20', '', '', '', '', '', '', 'CONTRATACION DIRECTA'),
(296, '19', 'SONIA VELASQUEZ', 'CD-EMV-UAI-INF-F-30008', 'VINTO', '9727', '13/7/20', '14/7/20', '', '', '', '', '', '', 'CONTRATACION DIRECTA'),
(297, '20', 'SONIA VELASQUEZ', 'CD-INF/GGE/AAI/2020-0009I/2020-01548', 'EBC', '8465', '19/6/20', '24/6/20', 'C', '252/2020', '8/7/20', '495/2020', '10/7/20', '', 'CONTRATACION DIRECTA'),
(298, '21', 'SONIA VELASQUEZ', 'CD-INF F3008', 'VINTO', '7880', '10/6/20', '16/6/20', 'C', '226/2020', '30/6/20', '477/2020', '1/7/20', '', 'CONTRATACION DIRECTA'),
(299, '22', 'SONIA VELASQUEZ', 'CD- INF F3008', 'VINTO', '3953', '13/2/20', '24/6/20', 'C', '', '', '', '', '', 'CONTRATACION DIRECTA'),
(300, '23', 'SONIA VELASQUEZ', 'CD  DAI-0072/2020', 'COMIBOL', '1340', '15/1/20', '15/1/20', 'C', '140/2020', '9/6/20', '314/2020', '15/6/20', '', 'CONTRATACION DIRECTA'),
(301, '24', 'SONIA VELASQUEZ', 'CD', 'EBA', '310', '7/1/20', '', 'C', '128/2020', '09//06/2020', '302/2020', '9/6/20', '', 'CONTRATACION DIRECTA'),
(302, '25', 'SONIA VELASQUEZ', 'CD', 'EBA', '1298', '14/1/20', '', 'C', '128/2020', '9/6/20', '302/2020', '9/6/20', '', 'CONTRATACION DIRECTA'),
(303, '26', 'SONIA VELASQUEZ', 'CD', 'EBA', '1273', '23/1/20', '', 'C', '128/2020', '9/6/20', '302/2020', '9/6/20', '', 'CONTRATACION DIRECTA'),
(304, '27', 'SONIA VELASQUEZ', 'CD', 'EBA', '2118', '24/1/20', '', 'C', '128/2020', '9/6/20', '302/2020', '9/6/20', '', 'CONTRATACION DIRECTA'),
(305, '28', 'SONIA VELASQUEZ', 'CD', 'EBA', '4275', '24/1/20', '', 'C', '128/2020', '9/6/20', '302/2020', '9/6/20', '', 'CONTRATACION DIRECTA'),
(306, '29', 'SONIA VELASQUEZ', 'CD', 'MI TELEFERICO', '4654', '21/2/20', '27/2/20', 'C', '134/2020', '9/6/20', '308/2020', '9/6/20', '', 'CONTRATACION DIRECTA'),
(307, '30', 'SONIA VELASQUEZ', 'CD', 'EASBA', '8984', '1/7/20', '9/7/20', '', '', '', '', '', '', 'CONTRATACION DIRECTA'),
(308, '31', 'SONIA VELASQUEZ', 'CD', 'GESTORA', '9319', '7/7/20', '18/7/20', '', '', '', '', '', '', 'CONTRATACION DIRECTA'),
(309, '32', 'SONIA VELASQUEZ', 'CD', 'EMAPA', '17974', '30/10/20', '30/10/20', '', '', '', '', '', '', 'CONTRATACION DIRECTA'),
(310, '33', 'SONIA VELASQUEZ', 'CD', 'DAB', '17901', '2910/2020', '30/10/20', 'C', '440/2020', '16/11/20', '825/2020', '19/11/20', '', 'CONTRATACION DIRECTA'),
(311, '34', 'SONIA VELASQUEZ', 'CD', 'MI TELEFERICO', '17896', '2910/2020', '30/10/20', '', '', '', '', '', '', 'CONTRATACION DIRECTA'),
(312, '35', 'SONIA VELASQUEZ', 'CD', 'YLB', '17923', '29/10/20', '30/10/20', '', '', '', '', '', '', 'CONTRATACION DIRECTA'),
(313, '36', 'SONIA VELASQUEZ', 'CD', 'YLB', '17924', '29/10/20', '30/10/20', '', '', '', '', '', '', 'CONTRATACION DIRECTA'),
(314, '37', 'SONIA VELASQUEZ', 'CD', 'DAB', '18002', '30/10/20', '3/11/20', 'C', '440/2020', '16/11/20', '825/2020', '19/11/20', '', 'CONTRATACION DIRECTA'),
(315, '38', 'SONIA VELASQUEZ', 'CD', 'DAB', '18003', '30/10/20', '3/11/20', 'C', '440/2020', '16/11/20', '825/2020', '19/11/20', '', 'CONTRATACION DIRECTA'),
(316, '39', 'SONIA VELASQUEZ', 'CD', 'QUIPUS', '18020', '30/10/20', '3/11/20', '', '', '', '', '', '', 'CONTRATACION DIRECTA'),
(317, '40', 'SONIA VELASQUEZ', 'CD', 'TAB', '18579', '6/11/20', '9/11/20', '', '', '', '', '', '', 'CONTRATACION DIRECTA'),
(318, '41', 'SONIA VELASQUEZ', 'CD', 'DAB', '18576', '6/11/20', '9/11/20', 'C', '440/2020', '16/11/20', '825/2020', '19/11/20', '', 'CONTRATACION DIRECTA'),
(319, '42', 'SONIA VELASQUEZ', 'CD', 'BOLIVIA TV', '5704', '4/3/20', '10/6/20', 'C', '175/2020', '12/6/20', '', '', '', 'CONTRATACION DIRECTA'),
(320, '43', 'SONIA VELASQUEZ', 'CD', 'DAB', '20764', '30/11/20', '1/12/20', '', '', '', '', '', '', 'CONTRATACION DIRECTA'),
(321, '44', 'SONIA VELASQUEZ', 'CD', 'DAB', '20763', '30/11/20', '1/12/20', '', '', '', '', '', '', 'CONTRATACION DIRECTA'),
(322, '45', 'SONIA VELASQUEZ', 'CD', 'ABE', '20858', '1/12/20', '', '', '', '', '', '', '', 'CONTRATACION DIRECTA'),
(323, '46', 'SONIA VELASQUEZ', 'CD', 'GETSORA', '194436', '13/11/20', '13/11/20', '', '', '', '', '', '', 'CONTRATACION DIRECTA'),
(324, '47', 'SONIA VELASQUEZ', 'CD', 'BOLIVIA TV', '19327', '12/11/20', '12/10/20', '', '', '', '', '', '', 'CONTRATACION DIRECTA'),
(325, '48', 'SONIA VELASQUEZ', 'CD', 'BOA', '21091', '3/12/20', '7/12/20', '', '', '', '', '', '', 'CONTRATACION DIRECTA'),
(326, '49', 'SONIA VELASQUEZ', 'CD', 'BOLIVIA TV', '21399', '7/12/20', '15/12/20', '', '', '', '', '', '', 'CONTRATACION DIRECTA'),
(327, '50', 'SONIA VELASQUEZ', 'CD', 'ABE', '21637', '9/12/20', '15/12/20', '', '', '', '', '', '', 'CONTRATACION DIRECTA'),
(328, '51', 'SONIA VELASQUEZ', 'CD', 'YLB', '21648', '9/12/20', '15/12/20', '', '', '', '', '', '', 'CONTRATACION DIRECTA'),
(329, '52', 'SONIA VELASQUEZ', 'CD', 'EBA', '21664', '9/12/20', '15/12/20', '', '', '', '', '', '', 'CONTRATACION DIRECTA'),
(330, '53', 'SONIA VELASQUEZ', 'CD', 'EBA', '21663', '9/12/20', '15/12/20', '', '', '', '', '', '', 'CONTRATACION DIRECTA'),
(331, '54', 'SONIA VELASQUEZ', 'CD', 'DAB', '14575', '', '', 'C', '440/2020', '16/11/20', '825/2020', '19/11/20', '', 'CONTRATACION DIRECTA'),
(332, '55', 'SONIA VELASQUEZ', 'CD', 'DAB', '16389', '', '', 'C', '440/2020', '16/11/20', '825/2020', '19/11/20', '', 'CONTRATACION DIRECTA'),
(333, '56', 'SONIA VELASQUEZ', 'CD', 'DAB', '17308', '', '', 'C', '440/2020', '16/11/20', '825/2020', '19/11/20', '', 'CONTRATACION DIRECTA');
INSERT INTO `historico_hr` (`idhistorico_hr`, `correlativo`, `supervisor`, `tipo_trabajo`, `empresa`, `hoja_ruta`, `fecha_hr`, `fecha_asig`, `estado`, `informe`, `fecha_inf`, `nota`, `fecha_emision`, `aclaraciones`, `tipo`) VALUES
(334, '57', 'SONIA VELASQUEZ', 'CD', 'DAB', '17675', '', '', 'C', '440/2020', '16/11/20', '825/2020', '19/11/20', '', 'CONTRATACION DIRECTA'),
(335, '58', 'SONIA VELASQUEZ', 'CD', 'DAB', '17674', '', '', 'C', '440/2020', '16/11/20', '825/2020', '19/11/20', '', 'CONTRATACION DIRECTA'),
(336, '59', 'SONIA VELASQUEZ', 'CD', 'DAB', '18253', '', '', 'C', '440/2020', '16/11/20', '825/2020', '19/11/20', '', 'CONTRATACION DIRECTA'),
(337, '60', 'SONIA VELASQUEZ', 'CD', 'DAB', '18803', '', '', 'C', '440/2020', '16/11/20', '825/2020', '19/11/20', '', 'CONTRATACION DIRECTA'),
(338, '61', 'SONIA VELASQUEZ', 'CD', 'BOLIVIA TV', '23672', '31/12/20', '4/1/21', '', '', '', '', '', '', 'CONTRATACION DIRECTA'),
(339, '62', 'SONIA VELASQUEZ', 'CD', 'YPFB', '7739', '8/6/20', '10/6/20', 'C', '436/2020', '11/11/20', '814/2020', '11/11/20', '', 'CONTRATACION DIRECTA'),
(340, '63', 'SONIA VELASQUEZ', 'CD', 'YPFB', '10552', '28/7/20', '29/7/20', 'C', '436/2020', '11/11/20', '814/2020', '11/11/20', '', 'CONTRATACION DIRECTA'),
(341, '64', 'SONIA VELASQUEZ', 'CD', 'YPFB', '11951', '20/8/20', '20/8/20', 'C', '436/2020', '11/11/20', '814/2020', '11/11/20', '', 'CONTRATACION DIRECTA'),
(342, '65', 'SONIA VELASQUEZ', 'CD', 'YPFB', '14780', '22/9/20', '12/9/20', 'C', '436/2020', '11/11/20', '814/2020', '11/11/20', '', 'CONTRATACION DIRECTA'),
(343, '66', 'SONIA VELASQUEZ', 'CD', 'YPFB', '17218', '21/10/20', '22/10/20', 'C', '436/2020', '11/11/20', '814/2020', '11/11/20', '', 'CONTRATACION DIRECTA'),
(344, '67', 'SONIA VELASQUEZ', 'CD', 'YPFB', '17219', '21/10/20', '22/10/20', 'C', '436/2020', '11/11/20', '814/2020', '11/11/20', '', 'CONTRATACION DIRECTA'),
(345, '68', 'SONIA VELASQUEZ', 'CD', 'EBA', '10630', '29/7/20', '29/7/20', 'C', '435/2020', '10/11/20', '809/2020', '10/11/20', '', 'CONTRATACION DIRECTA'),
(346, '69', 'SONIA VELASQUEZ', 'CD', 'EBA', '13408', '7/9/20', '8/9/20', 'C', '435/2020', '10/11/20', '809/2020', '10/11/20', '', 'CONTRATACION DIRECTA'),
(347, '70', 'SONIA VELASQUEZ', 'CD', 'EBA', '13603', '9/9/20', '10/9/20', 'C', '435/2020', '10/11/20', '809/2020', '10/11/20', '', 'CONTRATACION DIRECTA'),
(348, '71', 'SONIA VELASQUEZ', 'CD', 'EBA', '14930', '23/9/20', '24/9/20', 'C', '435/2020', '10/11/20', '809/2020', '10/11/20', '', 'CONTRATACION DIRECTA'),
(349, '72', 'SONIA VELASQUEZ', 'CD', 'EBA', '10631', '27/7/20', '28/7/20', 'C', '435/2020', '10/11/20', '809/2020', '10/11/20', '', 'CONTRATACION DIRECTA'),
(350, '1', 'FREDDY CRUZ', 'AUD. ESP. EVALAUCION DEL INFORME ESM/UAI/No. 012/2019 Auditoria Especial al proceso de contratcion para la ejecuciOn del proyecto de dise?o, construccion, puesta en marcha y operaciOn', 'MUTUN', '625/2020', '8/1/20', '10/3/20', 'C', '073/2020', '4/3/20', '275/2020', '12/3/20', '', 'OTROS'),
(351, '2', 'FREDDY CRUZ', 'AUS. ESP.', 'ABE', '', '', '', 'C', '', '', '', '', '', 'OTROS'),
(352, '3', 'FREDDY CRUZ', 'AUS. ESP.', 'ABE', '20677', '30/11/20', '1/12/20', '', '', '', '', '', '', 'OTROS'),
(353, '4', 'EVA COLQUE', 'AUS. ESP.', 'GERES', '21023', '2/12/20', '7/12/20', '', '', '', '', '', '', 'OTROS'),
(354, '5', 'FREDDY CRUZ', 'AUS. ESP.', 'ABE', '12893', '2/9/20', '7/12/20', '', '', '', '', '', '', 'OTROS'),
(355, '1', 'GUSTAVO TRAMIREZ', 'EVCON', 'EDALP-EMPRESA PUBLICA DEPARTAMENTAL ESTRATEGI', '7091', '', '', '', '1803/2020', '16/6/20', '', '', '', 'CONSISTENCIA'),
(356, '1', 'Andres Ortega', '', '', '', '', '', 'P', '', '', '', '', '', 'SUPERVISIONES'),
(357, '2', 'Delfin Ponce', '', 'Mi TelefErico', '', '', '', 'P', '', '', '', '', 'Con codigo CONAUD', 'SUPERVISIONES'),
(358, '3', '', '', '', '', '', '', 'P', '', '', '', '', '', 'SUPERVISIONES'),
(359, '4', 'Elena Mallon', '', 'Vinto', '', '', '', 'P', '', '', '', '', 'En gestiOn  codigo CONAUD', 'SUPERVISIONES'),
(360, '5', '', '', '', '', '', '', 'P', '', '', '', '', '', 'SUPERVISIONES'),
(361, '6', 'Eva Colque (DZ)', '', 'BoA', '', '', '', 'P', '', '', '', '', 'En gestiOn  codigo CONAUD', 'SUPERVISIONES'),
(362, '7', '', '', '', '', '', '', 'P', '', '', '', '', '', 'SUPERVISIONES'),
(363, '8', 'Eddy Marquez', '', '', '', '', '', 'P', '', '', '', '', '', 'SUPERVISIONES'),
(364, '9', '', '', '', '', '', '', 'P', '', '', '', '', '', 'SUPERVISIONES'),
(365, '10', 'Freddy Cruz', '', '', '', '', '', 'P', '', '', '', '', '', 'SUPERVISIONES'),
(366, '12', 'Wilder Herrera', '', '', '', '', '', 'P', '', '', '', '', '', 'SUPERVISIONES'),
(367, '13', 'Supervisor (EC)', '', '', '', '', '', 'P', '', '', '', '', '', 'SUPERVISIONES'),
(368, '14', 'Supervisor (GPA 2)', '', '', '', '', '', 'P', '', '', '', '', '', 'SUPERVISIONES'),
(369, '1', 'WILDER HERRERA', 'EMV/UAI/CONF/N? 02/2020', 'VINTO', '5793', '4/3/20', '', '', '', '', '', '', '', 'CONTROL INTERNO'),
(370, '2', 'WILDER HERRERA', ' INF/GGE/AAI/2020-0002', 'EBC', '5180', '28/2/20', '', '', '', '', '', '', '', 'CONTROL INTERNO'),
(371, '3', 'EVA COLQUE ', 'UAI-N? 005/2020', 'EMAPA', '5194', '28/2/20', '', '', '', '', '', '', '', 'CONTROL INTERNO'),
(372, '4', 'EVA COLQUE ', 'SENATEX/INF/UAI-003/2020', 'SENATEX', '5070', '28/2/20', '', '', '', '', '', '', '', 'CONTROL INTERNO'),
(373, '5', 'ELENA MALLON', 'EASBA-UAI-INF-N? 006/2020', 'EASBA', '5132', '28/2/20', '', '', '', '', '', '', '', 'CONTROL INTERNO'),
(374, '6', 'ANDRES ORTEGA', ' ESM/UAI/N? 002/2020', 'MUTUN', '4997', '28/2/20', '', '', '', '', '', '', '', 'CONTROL INTERNO'),
(375, '7', 'FREDDY CRUZ', 'EDITORIAL/UAI/INF/003/2020', 'EDITORIAL', '5307', '28/2/20', '', '', '', '', '', '', '', 'CONTROL INTERNO'),
(376, '8', 'WILDER HERRERA', 'DAI-3-003/2020', 'COMIBOL', '5079', '28/2/20', '', '', '', '', '', '', '', 'CONTROL INTERNO'),
(377, '9', 'FREDDY CRUZ', 'EBA/DAI/INF-AI/2020-05', 'EBA', '5300', '28/2/20', '', '', '', '', '', '', '', 'CONTROL INTERNO'),
(378, '10', 'WILDER HERRERA', 'EMAVIAS-UAI-003/2020', 'EMAVIAS', '4957', '28/2/20', '', '', '', '', '', '', '', 'CONTROL INTERNO'),
(379, '11', 'ELENA MALLON', 'INF.N| SO/IAI/B-05/2020', 'SELA', '5793', '4/3/20', '', '', '', '', '', '', '', 'CONTROL INTERNO'),
(380, '1', 'ELENA MALLON', 'AUD. ESPECIAL  REMITE INF. COMPLEMENTARIO SUBSANADO Y REFORMULADO DAIC-C-11 SOUC-LP08/2018 (C1)', 'YPFB', '7598', '04/06/23020', '8/6/20', '', '', '', '', '', '', 'ESPECIAL UAI'),
(381, '2', 'ELENA MALLON', 'INFORME COMPLEMENTARIO SUBSANADO Y REFORMULADO DAIC-C-09 SOUC-LP-07/2018(C1)', 'YPFB', '7599', '4/6/20', '8/6/20', '', '', '', '', '', '', 'ESPECIAL UAI'),
(382, '1', 'DPP', 'POA 2021', 'ENDE', '18027', '30/10/20', '3/11/20', '', '', '', '', '', '', 'POA 2021');

-- --------------------------------------------------------

--
-- Estructura de tabla para la tabla `instruccion`
--

CREATE TABLE `instruccion` (
  `idinstruccion` int(11) NOT NULL,
  `instruccion` varchar(45) NOT NULL
) ENGINE=MyISAM DEFAULT CHARSET=utf8;

--
-- Volcado de datos para la tabla `instruccion`
--

INSERT INTO `instruccion` (`idinstruccion`, `instruccion`) VALUES
(1, 'APROBAR'),
(2, 'REVISAR'),
(3, 'JUSTIFICAR'),
(4, 'SU OPINION'),
(5, 'COORDINAR'),
(6, 'PARA ARCHIVO'),
(7, 'PREPARAR RESPUESTA'),
(8, 'ANALIZAR'),
(9, 'PARA SU CONOCIMIENTO Y FINES CONSIGUIENTES'),
(10, 'VISITEME'),
(11, 'EVALUAR'),
(12, 'EJECUTAR');

-- --------------------------------------------------------

--
-- Estructura de tabla para la tabla `legajo`
--

CREATE TABLE `legajo` (
  `idlegajo` int(11) NOT NULL,
  `correlativo` int(11) NOT NULL,
  `idusuario` int(11) NOT NULL,
  `codigo` varchar(45) NOT NULL,
  `idempresa` int(11) NOT NULL,
  `version` varchar(45) NOT NULL,
  `gestion` varchar(45) NOT NULL
) ENGINE=InnoDB DEFAULT CHARSET=utf8;

--
-- Volcado de datos para la tabla `legajo`
--

INSERT INTO `legajo` (`idlegajo`, `correlativo`, `idusuario`, `codigo`, `idempresa`, `version`, `gestion`) VALUES
(1, 1, 1, 'SCEP-LEGP-1/2021', 1, 'VERSIÓN 1', '2021'),
(2, 2, 1, 'SCEP-LEGP-2/2021', 2, 'VERSIÓN 1', '2021'),
(3, 3, 1, 'SCEP-LEGP-3/2021', 3, 'VERSIÓN 1', '2021'),
(4, 4, 1, 'SCEP-LEGP-4/2021', 4, 'VERSIÓN 1', '2021'),
(5, 5, 1, 'SCEP-LEGP-5/2021', 5, 'VERSIÓN 1', '2021'),
(6, 6, 1, 'SCEP-LEGP-6/2021', 6, 'VERSIÓN 1', '2021'),
(7, 7, 1, 'SCEP-LEGP-7/2021', 7, 'VERSIÓN 1', '2021'),
(8, 8, 1, 'SCEP-LEGP-8/2021', 8, 'VERSIÓN 1', '2021'),
(9, 9, 1, 'SCEP-LEGP-9/2021', 9, 'VERSIÓN 1', '2021'),
(10, 10, 1, 'SCEP-LEGP-10/2021', 10, 'VERSIÓN 1', '2021'),
(11, 11, 1, 'SCEP-LEGP-11/2021', 11, 'VERSIÓN 1', '2021'),
(12, 12, 1, 'SCEP-LEGP-12/2021', 12, 'VERSIÓN 1', '2021'),
(13, 13, 1, 'SCEP-LEGP-13/2021', 13, 'VERSIÓN 1', '2021'),
(14, 14, 1, 'SCEP-LEGP-14/2021', 14, 'VERSIÓN 1', '2021'),
(15, 15, 1, 'SCEP-LEGP-15/2021', 15, 'VERSIÓN 1', '2021'),
(16, 16, 1, 'SCEP-LEGP-16/2021', 16, 'VERSIÓN 1', '2021'),
(17, 17, 1, 'SCEP-LEGP-17/2021', 18, 'VERSIÓN 1', '2021'),
(18, 18, 1, 'SCEP-LEGP-18/2021', 19, 'VERSIÓN 1', '2021'),
(19, 19, 1, 'SCEP-LEGP-19/2021', 20, 'VERSIÓN 1', '2021'),
(20, 20, 1, 'SCEP-LEGP-20/2021', 21, 'VERSIÓN 1', '2021'),
(21, 21, 1, 'SCEP-LEGP-21/2021', 22, 'VERSIÓN 1', '2021');

-- --------------------------------------------------------

--
-- Estructura de tabla para la tabla `legislacion`
--

CREATE TABLE `legislacion` (
  `idlegislacion` int(11) NOT NULL,
  `idlegajo` int(11) NOT NULL,
  `ley` varchar(45) NOT NULL,
  `fecha_aprob` date NOT NULL,
  `objetivo` varchar(45) NOT NULL
) ENGINE=InnoDB DEFAULT CHARSET=utf8;

--
-- Volcado de datos para la tabla `legislacion`
--

INSERT INTO `legislacion` (`idlegislacion`, `idlegajo`, `ley`, `fecha_aprob`, `objetivo`) VALUES
(4, 11, 'DECRTEO SUPREMO 654', '2022-06-01', 'OBHETIVO PRIMCIPAL CUMPLIDO'),
(5, 11, 'RESOLUCIO SUPREMA N° 232/2018', '2022-06-01', 'OBJETIVO DE CRREACION DE L;A EMPRESA PUBLIC'),
(7, 1, 'LEY N° 234', '2022-06-01', 'oBJETIVO DE LA LEY ES FOMENTAR EL SUMINISTRO '),
(9, 11, 'LEY DE EMPRESAS PUBLICAS', '2012-03-09', 'OBJETIVO DE LA LEGISLACION');

-- --------------------------------------------------------

--
-- Estructura de tabla para la tabla `log_login`
--

CREATE TABLE `log_login` (
  `idlog_login` int(11) NOT NULL,
  `usuario` varchar(45) NOT NULL,
  `fecha` date NOT NULL,
  `fecha_hora` datetime NOT NULL,
  `ip` varchar(45) NOT NULL,
  `condicion` varchar(45) NOT NULL
) ENGINE=MyISAM DEFAULT CHARSET=utf8;

--
-- Volcado de datos para la tabla `log_login`
--

INSERT INTO `log_login` (`idlog_login`, `usuario`, `fecha`, `fecha_hora`, `ip`, `condicion`) VALUES
(1, 'lyapuchura', '2022-06-22', '2022-06-22 15:00:15', '172.16.45.128', 'OPEN'),
(2, 'wvargas', '2022-06-22', '2022-06-22 15:42:32', '172.16.11.132', 'OPEN'),
(3, 'lyapuchura', '2022-06-22', '2022-06-22 16:26:39', '172.16.45.128', 'OPEN'),
(4, 'lyapuchura', '2022-06-22', '2022-06-22 17:08:45', '172.16.45.128', 'OPEN'),
(5, 'wvargas', '2022-06-22', '2022-06-22 17:11:02', '172.16.11.132', 'OPEN'),
(6, 'lyapuchura', '2022-06-22', '2022-06-22 18:24:04', '172.16.45.128', 'OPEN'),
(7, 'oramos', '2022-06-23', '2022-06-23 08:31:07', '172.16.45.56', 'OPEN'),
(8, 'wvargas', '2022-06-23', '2022-06-23 08:36:08', '172.16.11.132', 'OPEN'),
(9, 'emarquez', '2022-06-23', '2022-06-23 08:51:44', '172.16.45.121', 'OPEN'),
(10, 'fchoque', '2022-06-23', '2022-06-23 08:52:21', '172.16.45.146', 'OPEN'),
(11, 'emarquez', '2022-06-23', '2022-06-23 08:54:14', '172.16.45.121', 'OPEN'),
(12, 'emarquez', '2022-06-23', '2022-06-23 09:17:22', '172.16.45.121', 'OPEN'),
(13, 'luz', '2022-06-23', '2022-06-23 09:30:19', '172.16.11.132', 'OPEN'),
(14, 'oramos', '2022-06-23', '2022-06-23 09:57:34', '172.16.45.56', 'OPEN'),
(15, 'emarquez', '2022-06-23', '2022-06-23 10:26:59', '172.16.45.121', 'OPEN'),
(16, 'wvargas', '2022-06-23', '2022-06-23 10:27:41', '172.16.11.132', 'OPEN'),
(17, 'lyapuchura', '2022-06-23', '2022-06-23 10:43:38', '172.16.45.128', 'OPEN'),
(18, 'wvargas', '2022-06-23', '2022-06-23 11:46:14', '172.16.11.132', 'OPEN'),
(19, 'wherrera', '2022-06-23', '2022-06-23 11:52:39', '172.16.45.127', 'OPEN'),
(20, 'wvargas', '2022-06-23', '2022-06-23 12:59:52', '172.16.11.132', 'OPEN'),
(21, 'nvelasquez', '2022-06-23', '2022-06-23 13:17:20', '172.16.11.133', 'OPEN'),
(22, 'nvelasquez', '2022-06-23', '2022-06-23 13:27:51', '172.16.11.133', 'OPEN'),
(23, 'oramos', '2022-06-23', '2022-06-23 14:05:30', '172.16.45.56', 'OPEN'),
(24, 'nvelasquez', '2022-06-23', '2022-06-23 14:10:23', '172.16.11.133', 'OPEN'),
(25, 'pmamani', '2022-06-23', '2022-06-23 14:11:29', '172.16.45.124', 'OPEN'),
(26, 'nvelasquez', '2022-06-23', '2022-06-23 14:14:10', '172.16.11.133', 'OPEN'),
(27, 'nvelasquez', '2022-06-23', '2022-06-23 14:17:09', '172.16.11.133', 'OPEN'),
(28, 'lyapuchura', '2022-06-23', '2022-06-23 14:29:48', '172.16.45.128', 'OPEN'),
(29, 'wvargas', '2022-06-23', '2022-06-23 15:07:42', '172.16.11.133', 'OPEN'),
(30, 'wvargas', '2022-06-23', '2022-06-23 15:20:44', '172.16.11.132', 'OPEN'),
(31, 'nvelasquez', '2022-06-23', '2022-06-23 15:22:27', '172.16.11.133', 'OPEN'),
(32, 'luz', '2022-06-23', '2022-06-23 16:46:47', '172.16.11.132', 'OPEN'),
(33, 'wvargas', '2022-06-23', '2022-06-23 16:53:42', '172.16.11.132', 'OPEN'),
(34, 'lyapuchura', '2022-06-23', '2022-06-23 16:55:19', '172.16.45.128', 'OPEN'),
(35, 'wvargas', '2022-06-23', '2022-06-23 16:56:24', '172.16.11.132', 'OPEN'),
(36, 'fchoque', '2022-06-23', '2022-06-23 17:06:15', '172.16.45.146', 'OPEN'),
(37, 'wvargas', '2022-06-24', '2022-06-24 09:07:18', '172.16.11.132', 'OPEN'),
(38, 'nvelasquez', '2022-06-24', '2022-06-24 09:29:21', '172.16.11.133', 'OPEN'),
(39, 'pmamani', '2022-06-24', '2022-06-24 11:26:22', '172.16.45.124', 'OPEN'),
(40, 'wvargas', '2022-06-24', '2022-06-24 13:06:50', '172.16.11.132', 'OPEN'),
(41, 'pmamani', '2022-06-24', '2022-06-24 13:12:59', '172.16.45.124', 'OPEN'),
(42, 'pmamani', '2022-06-24', '2022-06-24 14:34:28', '172.16.45.124', 'OPEN'),
(43, 'lyapuchura', '2022-06-24', '2022-06-24 17:45:22', '172.16.45.128', 'OPEN'),
(44, 'luz', '2022-06-24', '2022-06-24 17:50:08', '172.16.11.132', 'OPEN'),
(45, 'wvargas', '2022-06-24', '2022-06-24 18:08:34', '172.16.11.132', 'OPEN'),
(46, 'wvargas', '2022-06-27', '2022-06-27 08:47:55', '172.16.11.132', 'OPEN'),
(47, 'oramos', '2022-06-27', '2022-06-27 09:22:44', '172.16.45.56', 'OPEN'),
(48, 'nvelasquez', '2022-06-27', '2022-06-27 12:36:55', '172.16.11.133', 'OPEN'),
(49, 'wvargas', '2022-06-27', '2022-06-27 12:40:07', '172.16.11.133', 'OPEN'),
(50, 'nvelasquez', '2022-06-27', '2022-06-27 12:42:56', '172.16.11.133', 'OPEN'),
(51, 'wvargas', '2022-06-27', '2022-06-27 14:46:15', '172.16.11.132', 'OPEN'),
(52, 'lyapuchura', '2022-06-27', '2022-06-27 14:56:54', '172.16.45.128', 'OPEN'),
(53, 'oramos', '2022-06-27', '2022-06-27 17:39:32', '172.16.45.56', 'OPEN'),
(54, 'pmamani', '2022-06-28', '2022-06-28 10:00:46', '172.16.45.124', 'OPEN'),
(55, 'wvargas', '2022-06-28', '2022-06-28 10:18:25', '172.16.11.132', 'OPEN'),
(56, 'emarquez', '2022-06-28', '2022-06-28 13:55:55', '172.16.45.121', 'OPEN'),
(57, 'wvargas', '2022-06-28', '2022-06-28 14:29:48', '172.16.11.132', 'OPEN'),
(58, 'lyapuchura', '2022-06-29', '2022-06-29 09:53:54', '172.16.45.128', 'OPEN'),
(59, 'wvargas', '2022-06-29', '2022-06-29 11:02:29', '172.16.11.132', 'OPEN'),
(60, 'lyapuchura', '2022-06-29', '2022-06-29 11:35:51', '172.16.45.128', 'OPEN'),
(61, 'nvelasquez', '2022-06-29', '2022-06-29 11:54:31', '172.16.11.133', 'OPEN'),
(62, 'nvelasquez', '2022-06-29', '2022-06-29 11:54:34', '172.16.11.133', 'OPEN'),
(63, 'wvargas', '2022-06-29', '2022-06-29 11:59:11', '172.16.11.133', 'OPEN'),
(64, 'nvelasquez', '2022-06-29', '2022-06-29 12:47:56', '172.16.11.133', 'OPEN'),
(65, 'wvargas', '2022-06-29', '2022-06-29 16:38:24', '172.16.11.132', 'OPEN'),
(66, 'lyapuchura', '2022-06-30', '2022-06-30 09:49:23', '172.16.45.128', 'OPEN'),
(67, 'nvelasquez', '2022-06-30', '2022-06-30 13:17:16', '172.16.11.133', 'OPEN'),
(68, 'lyapuchura', '2022-06-30', '2022-06-30 13:37:46', '172.16.45.128', 'OPEN'),
(69, 'lyapuchura', '2022-06-30', '2022-06-30 14:22:54', '172.16.45.128', 'OPEN'),
(70, 'pmamani', '2022-06-30', '2022-06-30 14:26:22', '172.16.45.124', 'OPEN'),
(71, 'lyapuchura', '2022-06-30', '2022-06-30 14:36:09', '172.16.45.128', 'OPEN'),
(72, 'pmamani', '2022-06-30', '2022-06-30 14:50:14', '172.16.45.128', 'OPEN'),
(73, 'wherrera', '2022-06-30', '2022-06-30 14:52:03', '172.16.45.128', 'OPEN'),
(74, 'svelasquez', '2022-06-30', '2022-06-30 14:55:11', '172.16.45.128', 'OPEN'),
(75, 'pmamani', '2022-06-30', '2022-06-30 15:14:32', '172.16.45.124', 'OPEN'),
(76, 'lyapuchura', '2022-06-30', '2022-06-30 15:50:16', '172.16.45.128', 'OPEN'),
(77, 'lyapuchura', '2022-06-30', '2022-06-30 16:11:41', '172.16.45.128', 'OPEN'),
(78, 'lyapuchura', '2022-06-30', '2022-06-30 16:59:31', '172.16.45.128', 'OPEN'),
(79, 'wvargas', '2022-06-30', '2022-06-30 17:08:34', '172.16.11.132', 'OPEN'),
(80, 'pmamani', '2022-07-01', '2022-07-01 08:38:02', '172.16.45.124', 'OPEN'),
(81, 'fchoque', '2022-07-01', '2022-07-01 09:04:24', '172.16.45.146', 'OPEN'),
(82, 'wvargas', '2022-07-01', '2022-07-01 09:35:19', '172.16.11.132', 'OPEN'),
(83, 'lyapuchura', '2022-07-01', '2022-07-01 10:41:25', '172.16.45.128', 'OPEN'),
(84, 'wvargas', '2022-07-01', '2022-07-01 12:40:48', '172.16.11.132', 'OPEN'),
(85, 'lyapuchura', '2022-07-01', '2022-07-01 13:25:28', '172.16.45.128', 'OPEN'),
(86, 'wvargas', '2022-07-01', '2022-07-01 16:26:36', '172.16.11.132', 'OPEN'),
(87, 'wvargas', '2022-07-01', '2022-07-01 17:14:26', '172.16.11.132', 'OPEN'),
(88, 'oramos', '2022-07-04', '2022-07-04 08:22:23', '172.16.45.56', 'OPEN'),
(89, 'lyapuchura', '2022-07-04', '2022-07-04 08:38:54', '172.16.45.128', 'OPEN'),
(90, 'lyapuchura', '2022-07-04', '2022-07-04 09:09:17', '172.16.45.128', 'OPEN'),
(91, 'wvargas', '2022-07-04', '2022-07-04 09:14:37', '172.16.11.132', 'OPEN'),
(92, 'lyapuchura', '2022-07-04', '2022-07-04 10:03:07', '172.16.45.128', 'OPEN'),
(93, 'wvargas', '2022-07-04', '2022-07-04 12:59:10', '172.16.11.132', 'OPEN'),
(94, 'lyapuchura', '2022-07-04', '2022-07-04 15:37:16', '172.16.45.128', 'OPEN'),
(95, 'nvelasquez', '2022-07-04', '2022-07-04 15:40:56', '172.16.11.133', 'OPEN'),
(96, 'lyapuchura', '2022-07-04', '2022-07-04 16:00:18', '172.16.11.132', 'OPEN'),
(97, 'emarquez', '2022-07-04', '2022-07-04 18:21:09', '172.16.45.121', 'OPEN'),
(98, 'wvargas', '2022-07-05', '2022-07-05 09:11:15', '172.16.11.132', 'OPEN'),
(99, 'lyapuchura', '2022-07-05', '2022-07-05 09:39:35', '172.16.45.128', 'OPEN'),
(100, 'wvargas', '2022-07-05', '2022-07-05 09:49:00', '172.16.11.132', 'OPEN'),
(101, 'nvelasquez', '2022-07-05', '2022-07-05 09:51:22', '172.16.11.133', 'OPEN'),
(102, 'svelasquez', '2022-07-05', '2022-07-05 10:20:12', '172.16.11.132', 'OPEN'),
(103, 'lyapuchura', '2022-07-05', '2022-07-05 10:36:15', '172.16.45.128', 'OPEN'),
(104, 'wvargas', '2022-07-05', '2022-07-05 10:46:09', '172.16.11.132', 'OPEN'),
(105, 'jgomez', '2022-07-05', '2022-07-05 10:56:31', '172.16.45.126', 'OPEN'),
(106, 'oramos', '2022-07-05', '2022-07-05 11:13:07', '172.16.45.56', 'OPEN'),
(107, 'pmamani', '2022-07-05', '2022-07-05 11:14:02', '172.16.45.124', 'OPEN'),
(108, 'wvargas', '2022-07-05', '2022-07-05 13:59:44', '172.16.11.132', 'OPEN'),
(109, 'oramos', '2022-07-05', '2022-07-05 14:05:05', '172.16.45.56', 'OPEN'),
(110, 'aortega', '2022-07-05', '2022-07-05 14:59:09', '172.16.45.122', 'OPEN'),
(111, 'emarquez', '2022-07-05', '2022-07-05 15:02:19', '172.16.45.121', 'OPEN'),
(112, 'pgarcia', '2022-07-05', '2022-07-05 15:08:43', '172.16.11.134', 'OPEN'),
(113, 'fchoque', '2022-07-05', '2022-07-05 15:12:46', '172.16.45.146', 'OPEN'),
(114, 'nvelasquez', '2022-07-05', '2022-07-05 15:27:58', '172.16.11.133', 'OPEN'),
(115, 'aortega', '2022-07-05', '2022-07-05 15:50:04', '172.16.45.122', 'OPEN'),
(116, 'wvargas', '2022-07-06', '2022-07-06 11:51:47', '172.16.11.132', 'OPEN'),
(117, 'wvargas', '2022-07-06', '2022-07-06 14:02:15', '172.16.11.132', 'OPEN'),
(118, 'wvargas', '2022-07-06', '2022-07-06 14:29:53', '172.16.11.132', 'OPEN'),
(119, 'jgomez', '2022-07-06', '2022-07-06 14:50:29', '172.16.45.126', 'OPEN'),
(120, 'aortega', '2022-07-06', '2022-07-06 15:09:55', '172.16.45.122', 'OPEN'),
(121, 'pgarcia', '2022-07-06', '2022-07-06 15:11:04', '172.16.11.134', 'OPEN'),
(122, 'oramos', '2022-07-06', '2022-07-06 15:29:22', '172.16.45.56', 'OPEN'),
(123, 'jgomez', '2022-07-06', '2022-07-06 15:52:07', '172.16.45.126', 'OPEN'),
(124, 'wvargas', '2022-07-06', '2022-07-06 18:05:36', '172.16.11.132', 'OPEN'),
(125, 'lyapuchura', '2022-07-06', '2022-07-06 19:09:44', '172.16.45.128', 'OPEN'),
(126, 'wvargas', '2022-07-07', '2022-07-07 08:46:23', '172.16.11.132', 'OPEN'),
(127, 'aortega', '2022-07-07', '2022-07-07 09:01:35', '172.16.45.122', 'OPEN'),
(128, 'wvargas', '2022-07-07', '2022-07-07 11:48:56', '172.16.11.132', 'OPEN'),
(129, 'wvargas', '2022-07-07', '2022-07-07 12:37:46', '172.16.11.132', 'OPEN'),
(130, 'wvargas', '2022-07-07', '2022-07-07 14:45:55', '172.16.11.132', 'OPEN'),
(131, 'aortega', '2022-07-07', '2022-07-07 15:27:01', '172.16.45.122', 'OPEN'),
(132, 'aortega', '2022-07-07', '2022-07-07 16:51:04', '172.16.45.122', 'OPEN'),
(133, 'wvargas', '2022-07-08', '2022-07-08 08:34:51', '172.16.11.132', 'OPEN'),
(134, 'wvargas', '2022-07-08', '2022-07-08 09:22:14', '172.16.11.132', 'OPEN'),
(135, 'oramos', '2022-07-08', '2022-07-08 09:29:54', '172.16.45.56', 'OPEN'),
(136, 'pmamani', '2022-07-08', '2022-07-08 10:50:32', '172.16.45.124', 'OPEN'),
(137, 'wvargas', '2022-07-08', '2022-07-08 11:18:43', '172.16.11.132', 'OPEN'),
(138, 'wvargas', '2022-07-08', '2022-07-08 13:24:46', '172.16.11.132', 'OPEN'),
(139, 'pmamani', '2022-07-08', '2022-07-08 13:36:32', '172.16.45.124', 'OPEN'),
(140, 'pgarcia', '2022-07-08', '2022-07-08 13:56:39', '172.16.11.134', 'OPEN'),
(141, 'emarquez', '2022-07-08', '2022-07-08 14:04:58', '172.16.45.121', 'OPEN'),
(142, 'oramos', '2022-07-08', '2022-07-08 14:40:55', '172.16.45.56', 'OPEN'),
(143, 'aortega', '2022-07-08', '2022-07-08 14:49:59', '172.16.45.122', 'OPEN'),
(144, 'wvargas', '2022-07-08', '2022-07-08 15:07:00', '172.16.11.132', 'OPEN'),
(145, 'emarquez', '2022-07-08', '2022-07-08 16:28:54', '172.16.45.121', 'OPEN'),
(146, 'svelasquez', '2022-07-08', '2022-07-08 16:32:54', '172.16.11.132', 'OPEN'),
(147, 'wvargas', '2022-07-08', '2022-07-08 16:46:39', '172.16.11.132', 'OPEN'),
(148, 'svelasquez', '2022-07-08', '2022-07-08 16:48:01', '172.16.11.132', 'OPEN'),
(149, 'lyapuchura', '2022-07-08', '2022-07-08 17:01:26', '172.16.45.128', 'OPEN'),
(150, 'pgarcia', '2022-07-08', '2022-07-08 17:27:10', '172.16.11.134', 'OPEN'),
(151, 'lyapuchura', '2022-07-08', '2022-07-08 18:16:40', '172.16.45.128', 'OPEN'),
(152, 'wvargas', '2022-07-11', '2022-07-11 08:32:52', '172.16.11.132', 'OPEN'),
(153, 'lyapuchura', '2022-07-11', '2022-07-11 08:46:06', '172.16.45.128', 'OPEN'),
(154, 'pgarcia', '2022-07-11', '2022-07-11 09:07:31', '172.16.11.134', 'OPEN'),
(155, 'pmamani', '2022-07-11', '2022-07-11 10:04:04', '172.16.45.124', 'OPEN'),
(156, 'lyapuchura', '2022-07-11', '2022-07-11 10:28:28', '172.16.45.128', 'OPEN'),
(157, 'nvelasquez', '2022-07-11', '2022-07-11 10:48:18', '172.16.11.133', 'OPEN');

-- --------------------------------------------------------

--
-- Estructura de tabla para la tabla `log_login_failure`
--

CREATE TABLE `log_login_failure` (
  `idlog_login_failure` int(11) NOT NULL,
  `usuario` varchar(45) NOT NULL,
  `password` varchar(45) NOT NULL,
  `fecha` date NOT NULL,
  `fecha_hora` datetime NOT NULL,
  `ip` varchar(45) NOT NULL
) ENGINE=MyISAM DEFAULT CHARSET=utf8;

--
-- Volcado de datos para la tabla `log_login_failure`
--

INSERT INTO `log_login_failure` (`idlog_login_failure`, `usuario`, `password`, `fecha`, `fecha_hora`, `ip`) VALUES
(1, 'gyapuchura', '5966306', '2022-06-22', '2022-06-22 15:05:55', '172.16.45.128'),
(2, 'LCALLE', '9876885', '2022-06-23', '2022-06-23 09:30:10', '172.16.11.132'),
(3, 'wvargas', '599985-1s', '2022-06-23', '2022-06-23 11:46:03', '172.16.11.132'),
(4, 'w_herrera', '4060061', '2022-06-23', '2022-06-23 11:52:24', '172.16.45.127'),
(5, 'wvargas', '5999-1S', '2022-06-29', '2022-06-29 16:38:14', '172.16.11.132'),
(6, 'aortega', '1411305', '2022-07-05', '2022-07-05 14:57:32', '172.16.45.122'),
(7, 'aortega', '1411305', '2022-07-05', '2022-07-05 14:57:50', '172.16.45.122'),
(8, 'aortega', '1411305', '2022-07-05', '2022-07-05 14:58:14', '172.16.45.122');

-- --------------------------------------------------------

--
-- Estructura de tabla para la tabla `nombres`
--

CREATE TABLE `nombres` (
  `idnombre` int(11) NOT NULL,
  `paterno` varchar(45) NOT NULL,
  `materno` varchar(45) NOT NULL,
  `nombres` varchar(45) NOT NULL,
  `casada` varchar(45) DEFAULT NULL,
  `ci` varchar(45) NOT NULL,
  `exp` varchar(45) NOT NULL,
  `titulo` varchar(45) DEFAULT NULL,
  `iniciales` varchar(45) DEFAULT NULL
) ENGINE=MyISAM DEFAULT CHARSET=latin1;

--
-- Volcado de datos para la tabla `nombres`
--

INSERT INTO `nombres` (`idnombre`, `paterno`, `materno`, `nombres`, `casada`, `ci`, `exp`, `titulo`, `iniciales`) VALUES
(1, 'Yapuchura', 'Chuquimia', 'Luis Gonzalo', ' ', '5966306', '', 'Ing.', 'lgych'),
(2, 'Vargas', 'Angulo', 'Wilmer Francisco', ' ', '599958-1S', 'OR', 'Dr.', 'WFVA'),
(3, 'Marquez', 'Chipana', 'Eddy', ' ', '4851906', 'LP', 'Lic.', 'emc'),
(4, 'Colque', 'Hurtado', 'Eva Laura', ' ', '5268713', 'CBBA', 'Lic.', 'elch'),
(5, 'Herrera', 'Mamani', 'Wilder', ' ', '4060061', 'OR', 'Lic.', 'whm'),
(6, 'Garcia', 'Apaza', 'Patricia Carola', ' ', '4903915', 'LP', 'Lic.', 'pcga'),
(7, 'Ortega', 'Perez', 'Andres Cleto', ' ', '1411305-1M', 'CBBA', 'Lic,', 'pop'),
(8, 'Mamani ', 'Adrian', 'Peregrino', ' ', '3074161', 'OR', 'Lic.', 'pma'),
(9, 'Ramos', 'Aduviri', 'Oscar', ' ', '4333170', 'LP', 'Lic.', 'ora'),
(10, 'Gomez ', 'Rivera', 'Juan Pablo', ' ', '6859478', 'LP', 'Lic.', 'jpgr'),
(11, 'Torrez', 'Victoria', 'Maritza', ' ', '2346006', 'LP', 'Sra.', 'mtv'),
(12, 'Velasquez', 'Alacoria', 'Noemi Jacqueline', ' ', '9864651', 'Seleccione', ' ', 'njva'),
(13, 'Velasquez', 'Bozo', 'Sonia Veronica', ' ', '3457109', 'LP', 'Lic.', 'svvb'),
(14, 'Choque', 'Flores', 'Faviola Claudia', NULL, '7361168', 'OR', '', NULL),
(15, 'Calle', 'Poma', 'Luz Guadalupe', NULL, '9876885', 'LP', NULL, NULL),
(16, 'Clavijo', 'Ponce', 'Edino Claudio ', NULL, '4374363 ', 'LP', NULL, NULL),
(17, 'Arandia', 'Quiroga', 'Patricia Elizabeth', NULL, '5785844', 'TA', NULL, NULL),
(18, 'Gutierrez', 'Guzman', 'Jaime Prudencio', NULL, '4507964', 'CBBA', NULL, NULL);

-- --------------------------------------------------------

--
-- Estructura de tabla para la tabla `perfil`
--

CREATE TABLE `perfil` (
  `idperfil` int(11) NOT NULL,
  `perfil` varchar(45) NOT NULL
) ENGINE=InnoDB DEFAULT CHARSET=utf8;

--
-- Volcado de datos para la tabla `perfil`
--

INSERT INTO `perfil` (`idperfil`, `perfil`) VALUES
(1, 'USUARIO'),
(2, 'ADMINISTRADOR');

-- --------------------------------------------------------

--
-- Estructura de tabla para la tabla `relacion_tuicion`
--

CREATE TABLE `relacion_tuicion` (
  `idrelacion_tuicion` int(11) NOT NULL,
  `idlegajo` int(11) NOT NULL,
  `entidad` text NOT NULL,
  `relacion_tuicion` text NOT NULL
) ENGINE=InnoDB DEFAULT CHARSET=utf8;

--
-- Volcado de datos para la tabla `relacion_tuicion`
--

INSERT INTO `relacion_tuicion` (`idrelacion_tuicion`, `idlegajo`, `entidad`, `relacion_tuicion`) VALUES
(1, 11, 'MINISTERIO DE DESARROLLO PRODUCTIVO Y ECONOMIA PLURAL', 'RELACION DE DEPENDENCIA INTRAINSTITUCIONAL CON AUTONOMIA DE GESTION ADMINISTRATIVA'),
(2, 11, 'GOBIERNO AUTÓNOMO MUNICIPAL DE LA PAZ', 'PROVEEDOR DE BIENES Y SERVICIOS ALIMENTARIOS'),
(4, 11, 'GOBIERNO AUTONOMO MUNICIPAL EL ALTO', 'PROVEEDOR DE BIENES Y SERVICIOS ALIMENTARIOS'),
(6, 1, 'CON EL MINISTERIO  DE OBRAS PUBLICAS, SERVICIOS Y VIVIENDA', 'RELACION DIRECTA '),
(7, 1, 'MINISTERIO DE MEDIO AMBIENTE Y AGUA', 'RELACION SECTORIAL MEDIOAMBIENTAL');

-- --------------------------------------------------------

--
-- Estructura de tabla para la tabla `tipo_hojaruta`
--

CREATE TABLE `tipo_hojaruta` (
  `idtipo_hojaruta` int(11) NOT NULL,
  `idcontrol` int(11) NOT NULL,
  `tipo_hojaruta` text NOT NULL
) ENGINE=MyISAM DEFAULT CHARSET=utf8;

--
-- Volcado de datos para la tabla `tipo_hojaruta`
--

INSERT INTO `tipo_hojaruta` (`idtipo_hojaruta`, `idcontrol`, `tipo_hojaruta`) VALUES
(1, 1, 'INFORME DE AUDITORÍA DE CONFIABILIDAD'),
(2, 1, 'INFORME DE AUDITORÍA OPERACIONAL'),
(3, 1, 'INFORME DE AUDITORÍA DE CUMPLIMIENTO'),
(4, 1, 'INFORME DE EVALUACIÓN DE PROCESOS DE CONTRATACIÓN'),
(5, 1, 'INFORME DE COSTO BENEFICIO'),
(6, 1, 'NOTA ADMINISTRATIVA'),
(7, 1, 'INFORME ANUAL'),
(8, 1, 'INFORME SEMESTRAL'),
(9, 1, 'P.O.A. REFORMULADO'),
(10, 1, 'LEGAJO PERMANENTE '),
(11, 2, 'AUDITORÍA FINANCIERA'),
(12, 2, 'AUDITORÍA DE CUMPLIMIENTO'),
(13, 2, 'AUDITORÍA OPERACIONAL'),
(14, 2, 'SUPERVISIONES'),
(15, 2, 'EVALUACIÓN DE PROCESOS DE CONTRATACIÓN '),
(16, 3, 'PQs DENUNCIAS Y SOLICITUDES DE AUDITORĪA'),
(17, 3, 'HOJA DE RUTA AMARILLA'),
(18, 3, 'SOLICITUD DE INFORMACION O COPIAS LEGALIZADAS'),
(19, 3, 'OTROS'),
(20, 2, 'EVALUACIÓN DE INFORMES DE AUDITORIA'),
(21, 3, 'INFORMES DE AUDITORĪAS EXTERNAS'),
(22, 1, 'INFORMES DE SEGUIMIENTO'),
(23, 1, 'FORMATOS 1 Y 2'),
(24, 1, 'INFORMES CIRCUNSTANCIADOS'),
(25, 1, 'INFORMES DE RELEVAMIENTOS');

-- --------------------------------------------------------

--
-- Estructura de tabla para la tabla `ubicacion_archivo`
--

CREATE TABLE `ubicacion_archivo` (
  `idubicacion_archivo` int(11) NOT NULL,
  `idcategoria_archivo` int(11) NOT NULL,
  `identidad_archivo` int(11) NOT NULL,
  `ubicacion_archivo` varchar(50) NOT NULL
) ENGINE=InnoDB DEFAULT CHARSET=utf8;

--
-- Volcado de datos para la tabla `ubicacion_archivo`
--

INSERT INTO `ubicacion_archivo` (`idubicacion_archivo`, `idcategoria_archivo`, `identidad_archivo`, `ubicacion_archivo`) VALUES
(1, 1, 1, 'CARPETA  - 1'),
(2, 1, 1, 'CARPETA  - 2'),
(3, 1, 1, 'CARPETA  - 3'),
(4, 1, 1, 'CARPETA  - 4'),
(5, 1, 2, 'CARPETA  - 1'),
(6, 1, 2, 'CARPETA  - 2'),
(7, 1, 2, 'CARPETA  - 3'),
(8, 1, 2, 'CARPETA  - 4'),
(9, 1, 3, 'CARPETA  - 1'),
(10, 1, 3, 'CARPETA  - 2'),
(11, 1, 3, 'CARPETA  - 3'),
(12, 1, 3, 'CARPETA  - 4'),
(13, 1, 4, 'CARPETA  - 1'),
(14, 1, 4, 'CARPETA  - 2'),
(15, 1, 4, 'CARPETA  - 3'),
(16, 1, 4, 'CARPETA  - 4'),
(17, 1, 5, 'CARPETA  - 1'),
(18, 1, 5, 'CARPETA  - 2'),
(19, 1, 5, 'CARPETA  - 3'),
(20, 1, 5, 'CARPETA  - 4'),
(21, 1, 6, 'CARPETA  - 1'),
(22, 1, 6, 'CARPETA  - 2'),
(23, 1, 6, 'CARPETA  - 3'),
(24, 1, 6, 'CARPETA  - 4'),
(25, 1, 7, 'CARPETA  - 1'),
(26, 1, 7, 'CARPETA  - 2'),
(27, 1, 7, 'CARPETA  - 3'),
(28, 1, 7, 'CARPETA  - 4'),
(29, 1, 8, 'CARPETA  - 1'),
(30, 1, 8, 'CARPETA  - 2'),
(31, 1, 8, 'CARPETA  - 3'),
(32, 1, 8, 'CARPETA  - 4'),
(33, 1, 9, 'CARPETA  - 1'),
(34, 1, 9, 'CARPETA  - 2'),
(35, 1, 9, 'CARPETA  - 3'),
(36, 1, 9, 'CARPETA  - 4'),
(37, 1, 10, 'CARPETA  - 1'),
(38, 1, 10, 'CARPETA  - 2'),
(39, 1, 10, 'CARPETA  - 3'),
(40, 1, 10, 'CARPETA  - 4'),
(41, 1, 11, 'CARPETA  - 1'),
(42, 1, 11, 'CARPETA  - 2'),
(43, 1, 11, 'CARPETA  - 3'),
(44, 1, 11, 'CARPETA  - 4'),
(45, 1, 12, 'CARPETA  - 1'),
(46, 1, 12, 'CARPETA  - 2'),
(47, 1, 12, 'CARPETA  - 3'),
(48, 1, 12, 'CARPETA  - 4'),
(49, 1, 13, 'CARPETA  - 1'),
(50, 1, 13, 'CARPETA  - 2'),
(51, 1, 13, 'CARPETA  - 3'),
(52, 1, 13, 'CARPETA  - 4'),
(53, 1, 14, 'CARPETA  - 1'),
(54, 1, 14, 'CARPETA  - 2'),
(55, 1, 14, 'CARPETA  - 3'),
(56, 1, 14, 'CARPETA  - 4'),
(57, 1, 15, 'CARPETA  - 1'),
(58, 1, 15, 'CARPETA  - 2'),
(59, 1, 15, 'CARPETA  - 3'),
(60, 1, 15, 'CARPETA  - 4'),
(61, 1, 16, 'CARPETA  - 1'),
(62, 1, 16, 'CARPETA  - 2'),
(63, 1, 16, 'CARPETA  - 3'),
(64, 1, 16, 'CARPETA  - 4'),
(65, 1, 17, 'CARPETA  - 1'),
(66, 1, 17, 'CARPETA  - 2'),
(67, 1, 17, 'CARPETA  - 3'),
(68, 1, 17, 'CARPETA  - 4'),
(69, 1, 18, 'CARPETA  - 1'),
(70, 1, 18, 'CARPETA  - 2'),
(71, 1, 18, 'CARPETA  - 3'),
(72, 1, 18, 'CARPETA  - 4'),
(73, 1, 19, 'CARPETA  - 1'),
(74, 1, 19, 'CARPETA  - 2'),
(75, 1, 19, 'CARPETA  - 3'),
(76, 1, 19, 'CARPETA  - 4'),
(77, 1, 20, 'CARPETA  - 1'),
(78, 1, 20, 'CARPETA  - 2'),
(79, 1, 20, 'CARPETA  - 3'),
(80, 1, 20, 'CARPETA  - 4'),
(81, 1, 21, 'CARPETA  - 1'),
(82, 1, 21, 'CARPETA  - 2'),
(83, 1, 21, 'CARPETA  - 3'),
(84, 1, 21, 'CARPETA  - 4'),
(85, 1, 22, 'CARPETA  - 1'),
(86, 1, 22, 'CARPETA  - 2'),
(87, 1, 22, 'CARPETA  - 3'),
(88, 1, 22, 'CARPETA  - 4'),
(89, 1, 23, 'CARPETA  - 1'),
(90, 1, 23, 'CARPETA  - 2'),
(91, 1, 23, 'CARPETA  - 3'),
(92, 1, 23, 'CARPETA  - 4'),
(93, 1, 24, 'CARPETA  - 1'),
(94, 1, 24, 'CARPETA  - 2'),
(95, 1, 24, 'CARPETA  - 3'),
(96, 1, 24, 'CARPETA  - 4'),
(97, 2, 25, 'CAJA  -  1'),
(98, 2, 25, 'CAJA  -  2'),
(99, 2, 25, 'CAJA  -  3'),
(100, 2, 25, 'CAJA  -  4'),
(101, 2, 26, 'CAJA  -  1'),
(102, 2, 26, 'CAJA  -  2'),
(103, 2, 26, 'CAJA  -  3'),
(104, 2, 26, 'CAJA  -  4'),
(105, 2, 27, 'CAJA  -  1'),
(106, 2, 27, 'CAJA  -  2'),
(107, 2, 27, 'CAJA  -  3'),
(108, 2, 27, 'CAJA  -  4'),
(109, 2, 28, 'CAJA  -  1'),
(110, 2, 28, 'CAJA  -  2'),
(111, 2, 28, 'CAJA  -  3'),
(112, 2, 28, 'CAJA  -  4'),
(113, 2, 29, 'CAJA  -  1'),
(114, 2, 29, 'CAJA  -  2'),
(115, 2, 29, 'CAJA  -  3'),
(116, 2, 29, 'CAJA  -  4'),
(117, 2, 30, 'CAJA  -  1'),
(118, 2, 30, 'CAJA  -  2'),
(119, 2, 30, 'CAJA  -  3'),
(120, 2, 30, 'CAJA  -  4'),
(121, 2, 31, 'CAJA  -  1'),
(122, 2, 31, 'CAJA  -  2'),
(123, 2, 31, 'CAJA  -  3'),
(124, 2, 31, 'CAJA  -  4'),
(125, 2, 32, 'CAJA  -  1'),
(126, 2, 32, 'CAJA  -  2'),
(127, 2, 32, 'CAJA  -  3'),
(128, 2, 32, 'CAJA  -  4'),
(129, 2, 33, 'CAJA  -  1'),
(130, 2, 33, 'CAJA  -  2'),
(131, 2, 33, 'CAJA  -  3'),
(132, 2, 33, 'CAJA  -  4'),
(133, 2, 34, 'CAJA  -  1'),
(134, 2, 34, 'CAJA  -  2'),
(135, 2, 34, 'CAJA  -  3'),
(136, 2, 34, 'CAJA  -  4'),
(137, 2, 35, 'CAJA  -  1'),
(138, 2, 35, 'CAJA  -  2'),
(139, 2, 35, 'CAJA  -  3'),
(140, 2, 35, 'CAJA  -  4'),
(141, 2, 36, 'CAJA  -  1'),
(142, 2, 36, 'CAJA  -  2'),
(143, 2, 36, 'CAJA  -  3'),
(144, 2, 36, 'CAJA  -  4'),
(145, 2, 37, 'CAJA  -  1'),
(146, 2, 37, 'CAJA  -  2'),
(147, 2, 37, 'CAJA  -  3'),
(148, 2, 37, 'CAJA  -  4'),
(149, 2, 38, 'CAJA  -  1'),
(150, 2, 38, 'CAJA  -  2'),
(151, 2, 38, 'CAJA  -  3'),
(152, 2, 38, 'CAJA  -  4'),
(153, 2, 39, 'CAJA  -  1'),
(154, 2, 39, 'CAJA  -  2'),
(155, 2, 39, 'CAJA  -  3'),
(156, 2, 39, 'CAJA  -  4'),
(157, 2, 40, 'CAJA  -  1'),
(158, 2, 40, 'CAJA  -  2'),
(159, 2, 40, 'CAJA  -  3'),
(160, 2, 40, 'CAJA  -  4'),
(161, 2, 41, 'CAJA  -  1'),
(162, 2, 41, 'CAJA  -  2'),
(163, 2, 41, 'CAJA  -  3'),
(164, 2, 41, 'CAJA  -  4'),
(165, 2, 42, 'CAJA  -  1'),
(166, 2, 42, 'CAJA  -  2'),
(167, 2, 42, 'CAJA  -  3'),
(168, 2, 42, 'CAJA  -  4'),
(169, 2, 43, 'CAJA  -  1'),
(170, 2, 43, 'CAJA  -  2'),
(171, 2, 43, 'CAJA  -  3'),
(172, 2, 43, 'CAJA  -  4'),
(173, 2, 44, 'CAJA  -  1'),
(174, 2, 44, 'CAJA  -  2'),
(175, 2, 44, 'CAJA  -  3'),
(176, 2, 44, 'CAJA  -  4'),
(177, 2, 45, 'CAJA  -  1'),
(178, 2, 45, 'CAJA  -  2'),
(179, 2, 45, 'CAJA  -  3'),
(180, 2, 45, 'CAJA  -  4'),
(181, 2, 46, 'CAJA  -  1'),
(182, 2, 46, 'CAJA  -  2'),
(183, 2, 46, 'CAJA  -  3'),
(184, 2, 46, 'CAJA  -  4'),
(185, 2, 47, 'CAJA  -  1'),
(186, 2, 47, 'CAJA  -  2'),
(187, 2, 47, 'CAJA  -  3'),
(188, 2, 47, 'CAJA  -  4'),
(189, 2, 48, 'CAJA  -  1'),
(190, 2, 48, 'CAJA  -  2'),
(191, 2, 48, 'CAJA  -  3'),
(192, 2, 48, 'CAJA  -  4'),
(193, 2, 49, 'CAJA  -  1'),
(194, 2, 49, 'CAJA  -  2'),
(195, 2, 49, 'CAJA  -  3'),
(196, 2, 49, 'CAJA  -  4'),
(197, 2, 50, 'CAJA  -  1'),
(198, 2, 50, 'CAJA  -  2'),
(199, 2, 50, 'CAJA  -  3'),
(200, 2, 50, 'CAJA  -  4'),
(201, 2, 51, 'CAJA  -  1'),
(202, 2, 51, 'CAJA  -  2'),
(203, 2, 51, 'CAJA  -  3'),
(204, 2, 51, 'CAJA  -  4'),
(205, 2, 52, 'CAJA  -  1'),
(206, 2, 52, 'CAJA  -  2'),
(207, 2, 52, 'CAJA  -  3'),
(208, 2, 52, 'CAJA  -  4'),
(209, 2, 53, 'CAJA  -  1'),
(210, 2, 53, 'CAJA  -  2'),
(211, 2, 53, 'CAJA  -  3'),
(212, 2, 53, 'CAJA  -  4'),
(213, 2, 54, 'CAJA  -  1'),
(214, 2, 54, 'CAJA  -  2'),
(215, 2, 54, 'CAJA  -  3'),
(216, 2, 54, 'CAJA  -  4'),
(217, 2, 55, 'CAJA  -  1'),
(218, 2, 55, 'CAJA  -  2'),
(219, 2, 55, 'CAJA  -  3'),
(220, 2, 55, 'CAJA  -  4'),
(221, 2, 56, 'CAJA  -  1'),
(222, 2, 56, 'CAJA  -  2'),
(223, 2, 56, 'CAJA  -  3'),
(224, 2, 56, 'CAJA  -  4'),
(225, 2, 57, 'CAJA  -  1'),
(226, 2, 57, 'CAJA  -  2'),
(227, 2, 57, 'CAJA  -  3'),
(228, 2, 57, 'CAJA  -  4'),
(229, 2, 58, 'CAJA  -  1'),
(230, 2, 58, 'CAJA  -  2'),
(231, 2, 58, 'CAJA  -  3'),
(232, 2, 58, 'CAJA  -  4'),
(233, 2, 59, 'CAJA  -  1'),
(234, 2, 59, 'CAJA  -  2'),
(235, 2, 59, 'CAJA  -  3'),
(236, 2, 59, 'CAJA  -  4'),
(237, 2, 60, 'CAJA  -  1'),
(238, 2, 60, 'CAJA  -  2'),
(239, 2, 60, 'CAJA  -  3'),
(240, 2, 60, 'CAJA  -  4'),
(241, 2, 61, 'CAJA  -  1'),
(242, 2, 61, 'CAJA  -  2'),
(243, 2, 61, 'CAJA  -  3'),
(244, 2, 61, 'CAJA  -  4'),
(245, 2, 62, 'CAJA  -  1'),
(246, 2, 62, 'CAJA  -  2'),
(247, 2, 62, 'CAJA  -  3'),
(248, 2, 62, 'CAJA  -  4'),
(249, 2, 63, 'CAJA  -  1'),
(250, 2, 63, 'CAJA  -  2'),
(251, 2, 63, 'CAJA  -  3'),
(252, 2, 63, 'CAJA  -  4'),
(253, 2, 64, 'CAJA  -  1'),
(254, 2, 64, 'CAJA  -  2'),
(255, 2, 64, 'CAJA  -  3'),
(256, 2, 64, 'CAJA  -  4'),
(257, 2, 65, 'CAJA  -  1'),
(258, 2, 65, 'CAJA  -  2'),
(259, 2, 65, 'CAJA  -  3'),
(260, 2, 65, 'CAJA  -  4'),
(261, 2, 66, 'CAJA  -  1'),
(262, 2, 66, 'CAJA  -  2'),
(263, 2, 66, 'CAJA  -  3'),
(264, 2, 66, 'CAJA  -  4'),
(265, 2, 67, 'CAJA  -  1'),
(266, 2, 67, 'CAJA  -  2'),
(267, 2, 67, 'CAJA  -  3'),
(268, 2, 67, 'CAJA  -  4'),
(269, 2, 68, 'CAJA  -  1'),
(270, 2, 68, 'CAJA  -  2'),
(271, 2, 68, 'CAJA  -  3'),
(272, 2, 68, 'CAJA  -  4'),
(273, 2, 69, 'CAJA  -  1'),
(274, 2, 69, 'CAJA  -  2'),
(275, 2, 69, 'CAJA  -  3'),
(276, 2, 69, 'CAJA  -  4'),
(277, 2, 70, 'CAJA  -  1'),
(278, 2, 70, 'CAJA  -  2'),
(279, 2, 70, 'CAJA  -  3'),
(280, 2, 70, 'CAJA  -  4'),
(281, 2, 71, 'CAJA  -  1'),
(282, 2, 71, 'CAJA  -  2'),
(283, 2, 71, 'CAJA  -  3'),
(284, 2, 71, 'CAJA  -  4'),
(285, 2, 71, 'CAJA  -  5'),
(286, 2, 71, 'CAJA  -  6'),
(287, 2, 71, 'CAJA  -  7'),
(288, 2, 71, 'CAJA  -  8');

-- --------------------------------------------------------

--
-- Estructura de tabla para la tabla `usuarios`
--

CREATE TABLE `usuarios` (
  `idusuario` int(11) NOT NULL,
  `idnombre` int(11) NOT NULL,
  `usuario` varchar(45) NOT NULL,
  `password` varchar(45) NOT NULL,
  `fecha` date NOT NULL,
  `condicion` varchar(45) NOT NULL,
  `perfil` varchar(45) NOT NULL,
  `idarea` int(11) NOT NULL,
  `idcargo` int(11) NOT NULL
) ENGINE=MyISAM DEFAULT CHARSET=utf8;

--
-- Volcado de datos para la tabla `usuarios`
--

INSERT INTO `usuarios` (`idusuario`, `idnombre`, `usuario`, `password`, `fecha`, `condicion`, `perfil`, `idarea`, `idcargo`) VALUES
(1, 1, 'lyapuchura', '5966306', '2022-04-21', 'ACTIVO', 'ADMINISTRADOR', 12, 43),
(2, 2, 'wvargas', '599958-1S', '2022-04-21', 'ACTIVO', 'ADMINISTRADOR', 12, 41),
(3, 13, 'svelasquez', '3457109', '2022-04-21', 'ACTIVO', 'USUARIO', 12, 42),
(4, 3, 'emarquez', '4851906', '2022-04-21', 'ACTIVO', 'USUARIO', 12, 44),
(5, 4, 'ecolque', '5268713', '2022-04-21', 'PASIVO', 'USUARIO', 12, 45),
(6, 5, 'wherrera', '4060061', '2022-04-21', 'ACTIVO', 'USUARIO', 12, 46),
(7, 6, 'pgarcia', '4903915', '2022-04-21', 'ACTIVO', 'USUARIO', 12, 47),
(8, 7, 'aortega', '1411305-1M', '2022-04-21', 'ACTIVO', 'USUARIO', 12, 48),
(9, 8, 'pmamani', '3074161', '2022-04-21', 'ACTIVO', 'USUARIO', 12, 49),
(10, 9, 'oramos', '4333170', '2022-04-21', 'ACTIVO', 'USUARIO', 12, 50),
(11, 10, 'jgomez', '6859478', '2022-04-21', 'ACTIVO', 'USUARIO', 12, 51),
(12, 11, 'mtorrez', '2346006', '2022-04-21', 'PASIVO', 'USUARIO', 12, 52),
(13, 12, 'nvelasquez', '9864651', '2022-04-21', 'ACTIVO', 'ADMINISTRADOR', 12, 53),
(14, 14, 'fchoque', '7361168', '2022-06-08', 'ACTIVO', 'USUARIO', 12, 51),
(15, 15, 'luz', '9876885', '2022-06-17', 'ACTIVO', 'USUARIO', 12, 52),
(16, 16, 'eclavijo', 'eclavijo', '2022-06-17', 'ACTIVO', 'USUARIO', 28, 19),
(17, 17, 'parandia', 'parandia', '2022-06-17', 'ACTIVO', 'USUARIO', 2, 31),
(18, 18, 'jgutierrez', 'jgutierrez', '2022-06-23', 'ACTIVO', 'USUARIO', 12, 54),
(19, 13, 'svelasquezb', '3457109', '2022-07-01', 'ACTIVO', 'USUARIO', 12, 55);

--
-- Índices para tablas volcadas
--

--
-- Indices de la tabla `area`
--
ALTER TABLE `area`
  ADD PRIMARY KEY (`idarea`);

--
-- Indices de la tabla `bitacora_estado`
--
ALTER TABLE `bitacora_estado`
  ADD PRIMARY KEY (`idbitacora_estado`);

--
-- Indices de la tabla `caracter`
--
ALTER TABLE `caracter`
  ADD PRIMARY KEY (`idcaracter`);

--
-- Indices de la tabla `cargo`
--
ALTER TABLE `cargo`
  ADD PRIMARY KEY (`idcargo`);

--
-- Indices de la tabla `categoria_archivo`
--
ALTER TABLE `categoria_archivo`
  ADD PRIMARY KEY (`idcategoria_archivo`);

--
-- Indices de la tabla `condicion`
--
ALTER TABLE `condicion`
  ADD PRIMARY KEY (`idcondicion`);

--
-- Indices de la tabla `control`
--
ALTER TABLE `control`
  ADD PRIMARY KEY (`idcontrol`);

--
-- Indices de la tabla `corres`
--
ALTER TABLE `corres`
  ADD PRIMARY KEY (`idcorres`);

--
-- Indices de la tabla `departamento`
--
ALTER TABLE `departamento`
  ADD PRIMARY KEY (`iddepartamento`);

--
-- Indices de la tabla `deriva_corres`
--
ALTER TABLE `deriva_corres`
  ADD PRIMARY KEY (`idderiva_corres`);

--
-- Indices de la tabla `direccion`
--
ALTER TABLE `direccion`
  ADD PRIMARY KEY (`iddireccion`);

--
-- Indices de la tabla `documento_adj`
--
ALTER TABLE `documento_adj`
  ADD PRIMARY KEY (`iddocumento_adj`);

--
-- Indices de la tabla `empresa`
--
ALTER TABLE `empresa`
  ADD PRIMARY KEY (`idempresa`);

--
-- Indices de la tabla `entidad_archivo`
--
ALTER TABLE `entidad_archivo`
  ADD PRIMARY KEY (`identidad_archivo`);

--
-- Indices de la tabla `estado`
--
ALTER TABLE `estado`
  ADD PRIMARY KEY (`idestado`);

--
-- Indices de la tabla `estructura_org`
--
ALTER TABLE `estructura_org`
  ADD PRIMARY KEY (`idestructura_org`);

--
-- Indices de la tabla `historico_hr`
--
ALTER TABLE `historico_hr`
  ADD PRIMARY KEY (`idhistorico_hr`);

--
-- Indices de la tabla `instruccion`
--
ALTER TABLE `instruccion`
  ADD PRIMARY KEY (`idinstruccion`);

--
-- Indices de la tabla `legajo`
--
ALTER TABLE `legajo`
  ADD PRIMARY KEY (`idlegajo`);

--
-- Indices de la tabla `legislacion`
--
ALTER TABLE `legislacion`
  ADD PRIMARY KEY (`idlegislacion`);

--
-- Indices de la tabla `log_login`
--
ALTER TABLE `log_login`
  ADD PRIMARY KEY (`idlog_login`);

--
-- Indices de la tabla `log_login_failure`
--
ALTER TABLE `log_login_failure`
  ADD PRIMARY KEY (`idlog_login_failure`);

--
-- Indices de la tabla `nombres`
--
ALTER TABLE `nombres`
  ADD PRIMARY KEY (`idnombre`);

--
-- Indices de la tabla `perfil`
--
ALTER TABLE `perfil`
  ADD PRIMARY KEY (`idperfil`);

--
-- Indices de la tabla `relacion_tuicion`
--
ALTER TABLE `relacion_tuicion`
  ADD PRIMARY KEY (`idrelacion_tuicion`);

--
-- Indices de la tabla `tipo_hojaruta`
--
ALTER TABLE `tipo_hojaruta`
  ADD PRIMARY KEY (`idtipo_hojaruta`);

--
-- Indices de la tabla `ubicacion_archivo`
--
ALTER TABLE `ubicacion_archivo`
  ADD PRIMARY KEY (`idubicacion_archivo`);

--
-- Indices de la tabla `usuarios`
--
ALTER TABLE `usuarios`
  ADD PRIMARY KEY (`idusuario`),
  ADD KEY `idnombre` (`idnombre`);

--
-- AUTO_INCREMENT de las tablas volcadas
--

--
-- AUTO_INCREMENT de la tabla `area`
--
ALTER TABLE `area`
  MODIFY `idarea` int(11) NOT NULL AUTO_INCREMENT, AUTO_INCREMENT=34;
--
-- AUTO_INCREMENT de la tabla `bitacora_estado`
--
ALTER TABLE `bitacora_estado`
  MODIFY `idbitacora_estado` int(11) NOT NULL AUTO_INCREMENT, AUTO_INCREMENT=13;
--
-- AUTO_INCREMENT de la tabla `caracter`
--
ALTER TABLE `caracter`
  MODIFY `idcaracter` int(11) NOT NULL AUTO_INCREMENT, AUTO_INCREMENT=12;
--
-- AUTO_INCREMENT de la tabla `cargo`
--
ALTER TABLE `cargo`
  MODIFY `idcargo` int(11) NOT NULL AUTO_INCREMENT, AUTO_INCREMENT=56;
--
-- AUTO_INCREMENT de la tabla `categoria_archivo`
--
ALTER TABLE `categoria_archivo`
  MODIFY `idcategoria_archivo` int(11) NOT NULL AUTO_INCREMENT, AUTO_INCREMENT=3;
--
-- AUTO_INCREMENT de la tabla `condicion`
--
ALTER TABLE `condicion`
  MODIFY `idcondicion` int(11) NOT NULL AUTO_INCREMENT, AUTO_INCREMENT=3;
--
-- AUTO_INCREMENT de la tabla `control`
--
ALTER TABLE `control`
  MODIFY `idcontrol` int(11) NOT NULL AUTO_INCREMENT, AUTO_INCREMENT=4;
--
-- AUTO_INCREMENT de la tabla `corres`
--
ALTER TABLE `corres`
  MODIFY `idcorres` int(11) NOT NULL AUTO_INCREMENT, AUTO_INCREMENT=225;
--
-- AUTO_INCREMENT de la tabla `departamento`
--
ALTER TABLE `departamento`
  MODIFY `iddepartamento` int(11) NOT NULL AUTO_INCREMENT, AUTO_INCREMENT=10;
--
-- AUTO_INCREMENT de la tabla `deriva_corres`
--
ALTER TABLE `deriva_corres`
  MODIFY `idderiva_corres` int(11) NOT NULL AUTO_INCREMENT, AUTO_INCREMENT=220;
--
-- AUTO_INCREMENT de la tabla `direccion`
--
ALTER TABLE `direccion`
  MODIFY `iddireccion` int(11) NOT NULL AUTO_INCREMENT, AUTO_INCREMENT=9;
--
-- AUTO_INCREMENT de la tabla `documento_adj`
--
ALTER TABLE `documento_adj`
  MODIFY `iddocumento_adj` int(11) NOT NULL AUTO_INCREMENT, AUTO_INCREMENT=4;
--
-- AUTO_INCREMENT de la tabla `empresa`
--
ALTER TABLE `empresa`
  MODIFY `idempresa` int(11) NOT NULL AUTO_INCREMENT, AUTO_INCREMENT=62;
--
-- AUTO_INCREMENT de la tabla `entidad_archivo`
--
ALTER TABLE `entidad_archivo`
  MODIFY `identidad_archivo` int(11) NOT NULL AUTO_INCREMENT, AUTO_INCREMENT=72;
--
-- AUTO_INCREMENT de la tabla `estado`
--
ALTER TABLE `estado`
  MODIFY `idestado` int(11) NOT NULL AUTO_INCREMENT, AUTO_INCREMENT=65;
--
-- AUTO_INCREMENT de la tabla `estructura_org`
--
ALTER TABLE `estructura_org`
  MODIFY `idestructura_org` int(11) NOT NULL AUTO_INCREMENT, AUTO_INCREMENT=5;
--
-- AUTO_INCREMENT de la tabla `historico_hr`
--
ALTER TABLE `historico_hr`
  MODIFY `idhistorico_hr` int(11) NOT NULL AUTO_INCREMENT, AUTO_INCREMENT=383;
--
-- AUTO_INCREMENT de la tabla `instruccion`
--
ALTER TABLE `instruccion`
  MODIFY `idinstruccion` int(11) NOT NULL AUTO_INCREMENT, AUTO_INCREMENT=13;
--
-- AUTO_INCREMENT de la tabla `legajo`
--
ALTER TABLE `legajo`
  MODIFY `idlegajo` int(11) NOT NULL AUTO_INCREMENT, AUTO_INCREMENT=22;
--
-- AUTO_INCREMENT de la tabla `legislacion`
--
ALTER TABLE `legislacion`
  MODIFY `idlegislacion` int(11) NOT NULL AUTO_INCREMENT, AUTO_INCREMENT=10;
--
-- AUTO_INCREMENT de la tabla `log_login`
--
ALTER TABLE `log_login`
  MODIFY `idlog_login` int(11) NOT NULL AUTO_INCREMENT, AUTO_INCREMENT=158;
--
-- AUTO_INCREMENT de la tabla `log_login_failure`
--
ALTER TABLE `log_login_failure`
  MODIFY `idlog_login_failure` int(11) NOT NULL AUTO_INCREMENT, AUTO_INCREMENT=9;
--
-- AUTO_INCREMENT de la tabla `nombres`
--
ALTER TABLE `nombres`
  MODIFY `idnombre` int(11) NOT NULL AUTO_INCREMENT, AUTO_INCREMENT=19;
--
-- AUTO_INCREMENT de la tabla `perfil`
--
ALTER TABLE `perfil`
  MODIFY `idperfil` int(11) NOT NULL AUTO_INCREMENT, AUTO_INCREMENT=3;
--
-- AUTO_INCREMENT de la tabla `relacion_tuicion`
--
ALTER TABLE `relacion_tuicion`
  MODIFY `idrelacion_tuicion` int(11) NOT NULL AUTO_INCREMENT, AUTO_INCREMENT=8;
--
-- AUTO_INCREMENT de la tabla `tipo_hojaruta`
--
ALTER TABLE `tipo_hojaruta`
  MODIFY `idtipo_hojaruta` int(11) NOT NULL AUTO_INCREMENT, AUTO_INCREMENT=26;
--
-- AUTO_INCREMENT de la tabla `ubicacion_archivo`
--
ALTER TABLE `ubicacion_archivo`
  MODIFY `idubicacion_archivo` int(11) NOT NULL AUTO_INCREMENT, AUTO_INCREMENT=289;
--
-- AUTO_INCREMENT de la tabla `usuarios`
--
ALTER TABLE `usuarios`
  MODIFY `idusuario` int(11) NOT NULL AUTO_INCREMENT, AUTO_INCREMENT=20;
/*!40101 SET CHARACTER_SET_CLIENT=@OLD_CHARACTER_SET_CLIENT */;
/*!40101 SET CHARACTER_SET_RESULTS=@OLD_CHARACTER_SET_RESULTS */;
/*!40101 SET COLLATION_CONNECTION=@OLD_COLLATION_CONNECTION */;
